SBY 23:52:46 [fifo] Removing directory '/home/vutukuribanurohit02/work/fpga-portfolio/project2-async-fifo/formal/fifo'.
SBY 23:52:46 [fifo] Copy '/home/vutukuribanurohit02/work/fpga-portfolio/project2-async-fifo/formal/../rtl/sync_2ff.sv' to '/home/vutukuribanurohit02/work/fpga-portfolio/project2-async-fifo/formal/fifo/src/sync_2ff.sv'.
SBY 23:52:46 [fifo] Copy '/home/vutukuribanurohit02/work/fpga-portfolio/project2-async-fifo/formal/../rtl/wptr_full.sv' to '/home/vutukuribanurohit02/work/fpga-portfolio/project2-async-fifo/formal/fifo/src/wptr_full.sv'.
SBY 23:52:46 [fifo] Copy '/home/vutukuribanurohit02/work/fpga-portfolio/project2-async-fifo/formal/../rtl/rptr_empty.sv' to '/home/vutukuribanurohit02/work/fpga-portfolio/project2-async-fifo/formal/fifo/src/rptr_empty.sv'.
SBY 23:52:46 [fifo] Copy '/home/vutukuribanurohit02/work/fpga-portfolio/project2-async-fifo/formal/../rtl/fifo_mem.sv' to '/home/vutukuribanurohit02/work/fpga-portfolio/project2-async-fifo/formal/fifo/src/fifo_mem.sv'.
SBY 23:52:46 [fifo] Copy '/home/vutukuribanurohit02/work/fpga-portfolio/project2-async-fifo/formal/../rtl/async_fifo.sv' to '/home/vutukuribanurohit02/work/fpga-portfolio/project2-async-fifo/formal/fifo/src/async_fifo.sv'.
SBY 23:52:46 [fifo] Copy '/home/vutukuribanurohit02/work/fpga-portfolio/project2-async-fifo/formal/fifo_bind.sv' to '/home/vutukuribanurohit02/work/fpga-portfolio/project2-async-fifo/formal/fifo/src/fifo_bind.sv'.
SBY 23:52:46 [fifo] Copy '/home/vutukuribanurohit02/work/fpga-portfolio/project2-async-fifo/formal/fifo_formal.sv' to '/home/vutukuribanurohit02/work/fpga-portfolio/project2-async-fifo/formal/fifo/src/fifo_formal.sv'.
SBY 23:52:46 [fifo] engine_0: abc pdr
SBY 23:52:46 [fifo] base: starting process "cd fifo/src; yosys -ql ../model/design.log ../model/design.ys"
SBY 23:52:46 [fifo] base: finished (returncode=0)
SBY 23:52:46 [fifo] prep: starting process "cd fifo/model; yosys -ql design_prep.log design_prep.ys"
SBY 23:52:46 [fifo] prep: finished (returncode=0)
SBY 23:52:46 [fifo] aig: starting process "cd fifo/model; yosys -ql design_aiger.log design_aiger.ys"
SBY 23:52:46 [fifo] aig: Warning: Treating undriven bit fifo_formal_top.\wrst_n like $anyseq.
SBY 23:52:46 [fifo] aig: Warning: Treating undriven bit fifo_formal_top.\winc like $anyseq.
SBY 23:52:46 [fifo] aig: Warning: Treating undriven bit fifo_formal_top.\wclk like $anyseq.
SBY 23:52:46 [fifo] aig: Warning: Treating undriven bit fifo_formal_top.\rrst_n like $anyseq.
SBY 23:52:46 [fifo] aig: Warning: Treating undriven bit fifo_formal_top.\rinc like $anyseq.
SBY 23:52:46 [fifo] aig: Warning: Treating undriven bit fifo_formal_top.\rclk like $anyseq.
SBY 23:52:46 [fifo] aig: Warning: Treating a total of 6 undriven bits in fifo_formal_top like $anyseq.
SBY 23:52:46 [fifo] aig: finished (returncode=0)
SBY 23:52:46 [fifo] engine_0: starting process "cd fifo; yosys-abc -c 'read_aiger model/design_aiger.aig; fold; strash; pdr -v -l; write_cex -a engine_0/trace.aiw'"
SBY 23:52:46 [fifo] engine_0: ======== ABC command line "read_aiger model/design_aiger.aig; fold; strash; pdr -v -l; write_cex -a engine_0/trace.aiw"
SBY 23:52:46 [fifo] engine_0: Warning: The last 19 outputs are interpreted as constraints.
SBY 23:52:46 [fifo] engine_0: VarMax = 300. FrameMax = 10000. QueMax = 0. TimeMax = 139. MonoCNF = no. SkipGen = no. SolveAll = no.
SBY 23:52:46 [fifo] engine_0: Frame Clauses                                                     Max Queue Flops Time
SBY 23:52:46 [fifo] engine_0: 1 : 0 4                                                                 1     5      0.00 sec  T/O =  0  PRV =  0
SBY 23:52:46 [fifo] engine_0: 2 : 0 9 6 ~1                                                             7    14      0.00 sec  T/O =  0  PRV =  0
SBY 23:52:46 [fifo] engine_0: 3 : 0 10 15 14 ~3                                                        5    28      0.01 sec  T/O =  0  PRV =  0
SBY 23:52:46 [fifo] engine_0: 4 : 0 7 17 8 31 ~5                                                      12    48      0.02 sec  T/O =  0  PRV =  0
SBY 23:52:46 [fifo] engine_0: 5 : 0 5 11 3 4 17 ~16                                                    0    48      0.02 sec  T/O =  0  PRV =  0
SBY 23:52:46 [fifo] engine_0: 6 : 0 5 11 3 4 9 17 ~16                                                  5    56      0.02 sec  T/O =  0  PRV =  0
SBY 23:52:46 [fifo] engine_0: 7 : 0 5 25 18 7 7 9 31 ~20                                              15    67      0.04 sec  T/O =  0  PRV =  0
SBY 23:52:46 [fifo] engine_0: 7 : 0 5 29 25 15 23 23 49 ~20                                           24    76      0.05 sec  T/O =  0  PRV =  0
SBY 23:52:46 [fifo] engine_0: 7 : 0 5 29 25 15 23 26 70 ~20                                           18    76      0.06 sec  T/O =  0  PRV =  0
SBY 23:52:46 [fifo] engine_0: 8 : 0 5 8 5 10 14 21 30 21 ~48                                           1    76      0.07 sec  T/O =  0  PRV =  0
SBY 23:52:46 [fifo] engine_0: 9 : 0 5 8 5 10 14 21 31 9 16 ~50                                         3    76      0.07 sec  T/O =  0  PRV =  0
SBY 23:52:46 [fifo] engine_0: 10 : 0 5 8 5 10 14 22 26 32 23 34 ~50                                    15    77      0.10 sec  T/O =  0  PRV =  0
SBY 23:52:46 [fifo] engine_0: 10 : 0 5 8 5 10 14 22 27 37 33 60 ~50                                    13    80      0.11 sec  T/O =  0  PRV =  0
SBY 23:52:46 [fifo] engine_0: 11 : 0 5 8 5 10 14 16 21 8 8 15 51 ~53                                    4    80      0.12 sec  T/O =  0  PRV =  0
SBY 23:52:46 [fifo] engine_0: 12 : 0 5 8 5 13 16 20 25 12 13 17 46 52 ~53                              20    80      0.14 sec  T/O =  0  PRV =  0
SBY 23:52:46 [fifo] engine_0: 12 : 0 5 8 5 13 16 20 25 12 13 17 46 56 ~53                               0    80      0.15 sec  T/O =  0  PRV =  0
SBY 23:52:46 [fifo] engine_0: 13 : 0 5 8 5 12 15 23 32 15 15 18 46 42 36 ~54                           21    80      0.17 sec  T/O =  0  PRV =  0
SBY 23:52:46 [fifo] engine_0: 13 : 0 5 8 5 12 15 25 36 17 18 27 64 62 44 ~54                           43    80      0.19 sec  T/O =  0  PRV =  0
SBY 23:52:46 [fifo] engine_0: 13 : 0 5 8 5 12 15 25 36 17 18 27 70 84 91 ~54                           36    80      0.21 sec  T/O =  0  PRV =  0
SBY 23:52:46 [fifo] engine_0: 14 : 0 5 8 5 12 15 25 31 13 15 13 57 65 77 17 ~67                         3    87      0.23 sec  T/O =  0  PRV =  0
SBY 23:52:46 [fifo] engine_0: 15 : 0 5 8 5 12 15 25 31 13 14 13 55 64 94 51 40 ~70                     27    87      0.28 sec  T/O =  0  PRV =  0
SBY 23:52:46 [fifo] engine_0: 15 : 0 5 8 5 12 15 25 31 13 14 13 55 64 95 61 70 ~70                     22    87      0.29 sec  T/O =  0  PRV =  0
SBY 23:52:46 [fifo] engine_0: Timing out on output 0 in frame 15 (retrying in next anytime pass).
SBY 23:52:46 [fifo] engine_0: 15 : 0 5 8 5 12 15 25 31 13 14 13 55 64 95 61 71 ~70                      1    87      0.29 sec  T/O =  1  PRV =  0
SBY 23:52:46 [fifo] engine_0: 16 : 0 5 8 5 12 15 25 31 13 14 13 55 54 78 24 20 50 ~78                   1    87      0.31 sec  T/O =  1  PRV =  0
SBY 23:52:46 [fifo] engine_0: 17 : 0 5 8 5 13 17 29 37 20 20 16 62 56 78 23 20 11 44 ~78               40    89      0.34 sec  T/O =  1  PRV =  0
SBY 23:52:46 [fifo] engine_0: 17 : 0 5 8 5 13 17 30 38 21 22 19 68 63 83 25 27 13 49 ~78               24    90      0.35 sec  T/O =  1  PRV =  0
SBY 23:52:46 [fifo] engine_0: 17 : 0 5 8 5 13 17 30 38 22 22 19 68 63 83 25 27 13 53 ~78               31    92      0.35 sec  T/O =  1  PRV =  0
SBY 23:52:46 [fifo] engine_0: 18 : 0 5 8 5 10 7 8 13 15 15 10 11 10 29 14 27 40 71 57 ~86               0    92      0.38 sec  T/O =  1  PRV =  0
SBY 23:52:46 [fifo] engine_0: 19 : 0 5 8 5 10 7 8 13 14 15 10 8 10 29 13 23 33 64 53 5 ~86              1    92      0.39 sec  T/O =  1  PRV =  0
SBY 23:52:46 [fifo] engine_0: 20 : 0 5 8 5 10 7 8 13 14 15 10 8 10 29 13 22 33 62 55 7 6 ~86            4    92      0.40 sec  T/O =  1  PRV =  0
SBY 23:52:46 [fifo] engine_0: 21 : ... 8 5 10 7 8 13 14 15 10 8 10 29 13 22 33 63 52 21 23 26 ~86      12   100      0.42 sec  T/O =  1  PRV =  0
SBY 23:52:46 [fifo] engine_0: 21 : ... 8 5 10 7 8 13 15 16 11 8 10 30 16 27 36 68 54 24 26 38 ~86      27   103      0.43 sec  T/O =  1  PRV =  0
SBY 23:52:46 [fifo] engine_0: 21 : ... 8 5 10 7 8 13 15 16 11 8 10 30 16 27 36 68 54 26 28 43 ~86       7   104      0.43 sec  T/O =  1  PRV =  0
SBY 23:52:46 [fifo] engine_0: 22 : ... 8 5 10 7 8 13 15 13 9 10 7 16 19 24 39 35 27 3 3 11 74 ~95       0   104      0.45 sec  T/O =  1  PRV =  0
SBY 23:52:46 [fifo] engine_0: 23 : ... 5 10 7 8 13 15 13 9 10 7 16 19 24 39 35 22 3 3 8 37 37 ~95       0   104      0.46 sec  T/O =  1  PRV =  0
SBY 23:52:46 [fifo] engine_0: 24 : ... 10 7 8 13 15 13 9 10 7 16 19 24 39 35 22 3 3 8 37 33 5 ~95       1   104      0.47 sec  T/O =  1  PRV =  0
SBY 23:52:46 [fifo] engine_0: 25 : ... 7 8 13 15 13 9 10 7 16 19 24 39 35 22 3 3 8 38 41 19 23 ~95      9   105      0.49 sec  T/O =  1  PRV =  0
SBY 23:52:46 [fifo] engine_0: 26 : ... 8 13 15 13 9 10 7 16 19 24 39 35 22 3 3 8 9 31 23 9 22 ~95       0   105      0.50 sec  T/O =  1  PRV =  0
SBY 23:52:46 [fifo] engine_0: 27 : ... 15 14 9 11 7 18 19 24 39 35 23 5 6 10 12 32 26 14 20 10 ~95     42   109      0.52 sec  T/O =  1  PRV =  0
SBY 23:52:46 [fifo] engine_0: 27 : ... 15 14 9 11 7 18 19 24 39 35 23 5 6 10 12 35 30 20 45 42 ~95     17   113      0.55 sec  T/O =  1  PRV =  0
SBY 23:52:46 [fifo] engine_0: 28 : ... 15 14 9 11 7 7 7 38 41 39 24 3 4 7 9 8 4 27 42 30 19 ~100        1   113      0.57 sec  T/O =  1  PRV =  0
SBY 23:52:46 [fifo] engine_0: 29 : ... 15 14 9 11 7 7 7 38 40 38 24 3 4 7 9 8 4 27 41 31 21 5 ~100      3   113      0.58 sec  T/O =  1  PRV =  0
SBY 23:52:46 [fifo] engine_0: 30 : ... 14 9 11 7 7 7 38 40 38 24 3 4 7 9 8 4 27 41 28 16 4 7 ~100       0   113      0.59 sec  T/O =  1  PRV =  0
SBY 23:52:46 [fifo] engine_0: 31 : ... 9 11 7 7 7 38 40 38 24 3 4 7 9 8 6 30 46 38 33 13 5 9 ~100      21   113      0.63 sec  T/O =  1  PRV =  0
SBY 23:52:46 [fifo] engine_0: 31 : ... 11 7 7 7 38 40 38 24 3 4 7 9 8 6 30 46 39 55 41 17 10 ~100      55   113      0.66 sec  T/O =  1  PRV =  0
SBY 23:52:46 [fifo] engine_0: 31 : ... 11 7 7 7 38 40 38 24 3 4 7 9 10 7 30 47 40 56 52 64 17 ~100     79   113      0.68 sec  T/O =  1  PRV =  0
SBY 23:52:46 [fifo] engine_0: 31 : ... 7 7 7 38 40 38 24 3 4 7 9 11 10 32 52 46 62 58 68 46 ~100       82   113      0.70 sec  T/O =  1  PRV =  0
SBY 23:52:46 [fifo] engine_0: 31 : ... 7 7 7 38 40 38 24 3 4 7 9 11 10 32 52 46 62 58 68 51 ~100        0   113      0.71 sec  T/O =  1  PRV =  0
SBY 23:52:46 [fifo] engine_0: Timing out on output 1 in frame 31 (retrying in next anytime pass).
SBY 23:52:46 [fifo] engine_0: 31 : ... 7 7 7 38 40 38 24 3 4 7 9 11 10 32 52 46 62 58 68 51 ~100        0   113      0.71 sec  T/O =  2  PRV =  0
SBY 23:52:47 [fifo] engine_0: 32 : ... 9 11 7 7 7 38 40 38 24 3 4 6 9 7 6 28 22 8 7 5 7 11 69 ~114      0   113      0.73 sec  T/O =  2  PRV =  0
SBY 23:52:47 [fifo] engine_0: All outputs solved or timed out in frame 32.
SBY 23:52:47 [fifo] engine_0: Starting new anytime pass, reusing clauses.
SBY 23:52:47 [fifo] engine_0: Frame Clauses                                                     Max Queue Flops Time
SBY 23:52:47 [fifo] engine_0: 1 : 0 371 ~115                                                           0     0      0.07 sec  T/O =  0  PRV =  0
SBY 23:52:47 [fifo] engine_0: 2 : 0 3 368 ~115                                                         0     0      0.07 sec  T/O =  0  PRV =  0
SBY 23:52:47 [fifo] engine_0: 3 : 0 3 6 362 ~115                                                       0     0      0.07 sec  T/O =  0  PRV =  0
SBY 23:52:47 [fifo] engine_0: 4 : 0 3 6 5 357 ~115                                                     0     0      0.07 sec  T/O =  0  PRV =  0
SBY 23:52:47 [fifo] engine_0: 5 : 0 3 6 5 3 354 ~115                                                   0     0      0.07 sec  T/O =  0  PRV =  0
SBY 23:52:47 [fifo] engine_0: 6 : 0 3 6 5 3 5 349 ~115                                                 0     0      0.07 sec  T/O =  0  PRV =  0
SBY 23:52:47 [fifo] engine_0: 7 : 0 3 6 5 3 5 4 345 ~115                                               0     0      0.07 sec  T/O =  0  PRV =  0
SBY 23:52:47 [fifo] engine_0: 8 : 0 3 6 5 3 5 4 7 338 ~115                                             0     0      0.07 sec  T/O =  0  PRV =  0
SBY 23:52:47 [fifo] engine_0: 9 : 0 3 6 5 3 5 4 7 5 333 ~115                                           0     0      0.07 sec  T/O =  0  PRV =  0
SBY 23:52:47 [fifo] engine_0: 10 : 0 3 6 5 3 5 4 7 5 12 321 ~115                                        0     0      0.07 sec  T/O =  0  PRV =  0
SBY 23:52:47 [fifo] engine_0: 11 : 0 3 6 5 3 5 4 7 5 12 8 313 ~115                                      0     0      0.07 sec  T/O =  0  PRV =  0
SBY 23:52:47 [fifo] engine_0: 12 : 0 3 6 5 3 5 4 7 5 12 8 9 304 ~115                                    0     0      0.08 sec  T/O =  0  PRV =  0
SBY 23:52:47 [fifo] engine_0: 13 : 0 3 6 5 3 5 4 7 5 12 8 9 7 297 ~115                                  0     0      0.08 sec  T/O =  0  PRV =  0
SBY 23:52:47 [fifo] engine_0: 14 : 0 3 6 5 3 5 4 7 5 12 8 9 7 7 290 ~115                                0     0      0.08 sec  T/O =  0  PRV =  0
SBY 23:52:47 [fifo] engine_0: 15 : 0 3 6 5 3 5 4 7 5 12 8 9 7 7 4 286 ~115                              0     0      0.08 sec  T/O =  0  PRV =  0
SBY 23:52:47 [fifo] engine_0: 16 : 0 3 6 5 3 5 4 7 8 17 13 18 21 27 5 26 267 ~115                      32    20      0.10 sec  T/O =  0  PRV =  0
SBY 23:52:47 [fifo] engine_0: 16 : 0 3 6 5 3 5 4 7 8 17 13 18 21 32 35 60 287 ~115                     42    23      0.13 sec  T/O =  0  PRV =  0
SBY 23:52:47 [fifo] engine_0: 16 : 0 3 6 5 3 5 4 7 8 17 13 18 21 32 35 61 309 ~115                      2    24      0.13 sec  T/O =  0  PRV =  0
SBY 23:52:47 [fifo] engine_0: 17 : 0 3 6 5 3 5 4 7 6 16 8 12 5 4 22 44 58 265 ~116                      4    39      0.18 sec  T/O =  0  PRV =  0
SBY 23:52:47 [fifo] engine_0: 18 : 0 3 6 5 3 5 4 7 6 21 16 22 20 14 22 38 33 48 240 ~115               27    52      0.22 sec  T/O =  0  PRV =  0
SBY 23:52:47 [fifo] engine_0: 18 : 0 3 6 5 3 5 4 7 6 26 20 29 29 29 46 44 33 48 240 ~115               41    54      0.24 sec  T/O =  0  PRV =  0
SBY 23:52:47 [fifo] engine_0: 18 : 0 3 6 5 3 5 4 7 6 26 21 32 39 36 50 68 37 51 250 ~115               51    54      0.26 sec  T/O =  0  PRV =  0
SBY 23:52:47 [fifo] engine_0: 18 : 0 3 6 5 3 5 4 7 6 26 21 32 40 41 75 91 46 54 253 ~115               66    54      0.29 sec  T/O =  0  PRV =  0
SBY 23:52:47 [fifo] engine_0: 18 : 0 3 6 5 3 5 4 7 6 26 21 32 40 41 76 101 79 69 263 ~115              63    54      0.31 sec  T/O =  0  PRV =  0
SBY 23:52:47 [fifo] engine_0: 18 : 0 3 6 5 3 5 4 7 6 26 21 32 40 41 76 103 87 115 284 ~115             68    54      0.35 sec  T/O =  0  PRV =  0
SBY 23:52:47 [fifo] engine_0: 18 : 0 3 6 5 3 5 4 7 6 26 21 32 40 41 76 103 87 122 301 ~115             63    54      0.35 sec  T/O =  0  PRV =  0
SBY 23:52:47 [fifo] engine_0: Timing out on output 0 in frame 18 (retrying in next anytime pass).
SBY 23:52:47 [fifo] engine_0: 18 : 0 3 6 5 3 5 4 7 6 26 21 32 40 41 76 103 87 122 301 ~115              0    54      0.35 sec  T/O =  1  PRV =  0
SBY 23:52:47 [fifo] engine_0: 19 : 0 3 6 5 3 5 4 7 6 15 17 26 37 22 54 78 70 58 62 295 ~124             0    54      0.41 sec  T/O =  1  PRV =  0
SBY 23:52:47 [fifo] engine_0: 20 : 0 3 6 5 3 5 4 7 6 15 16 25 37 22 53 74 67 55 57 40 255 ~124          0    54      0.43 sec  T/O =  1  PRV =  0
SBY 23:52:47 [fifo] engine_0: 21 : ... 6 5 3 5 4 7 6 15 16 25 37 22 53 74 67 55 57 40 34 220 ~124       0    54      0.45 sec  T/O =  1  PRV =  0
SBY 23:52:47 [fifo] engine_0: 22 : ... 5 3 5 4 7 6 15 16 25 37 22 53 74 67 55 57 40 34 34 186 ~124      0    54      0.47 sec  T/O =  1  PRV =  0
SBY 23:52:47 [fifo] engine_0: 23 : ... 5 4 7 6 15 16 25 37 22 53 74 67 55 57 40 34 34 19 167 ~124       0    54      0.49 sec  T/O =  1  PRV =  0
SBY 23:52:47 [fifo] engine_0: 24 : ... 4 7 6 15 16 25 37 22 53 74 67 55 57 40 34 34 19 8 159 ~124       0    54      0.50 sec  T/O =  1  PRV =  0
SBY 23:52:47 [fifo] engine_0: 25 : ... 7 6 15 16 25 37 22 53 74 67 55 57 40 34 34 19 8 5 154 ~124       0    54      0.52 sec  T/O =  1  PRV =  0
SBY 23:52:47 [fifo] engine_0: 26 : ... 6 15 16 25 37 22 53 74 67 55 57 40 34 34 19 8 5 29 125 ~124      0    54      0.54 sec  T/O =  1  PRV =  0
SBY 23:52:47 [fifo] engine_0: 27 : ... 16 25 37 22 53 74 67 55 57 40 34 34 19 8 5 29 25 100 ~124        0    54      0.55 sec  T/O =  1  PRV =  0
SBY 23:52:47 [fifo] engine_0: 28 : ... 16 25 37 22 53 74 67 55 57 40 34 34 19 8 5 29 25 8 92 ~124       0    54      0.57 sec  T/O =  1  PRV =  0
SBY 23:52:47 [fifo] engine_0: 29 : ... 25 37 22 53 74 67 55 57 40 34 34 19 8 5 29 25 8 7 85 ~124        0    54      0.59 sec  T/O =  1  PRV =  0
SBY 23:52:47 [fifo] engine_0: 30 : ... 25 37 22 53 74 67 55 57 40 34 34 19 8 5 29 25 8 7 5 80 ~124      0    54      0.60 sec  T/O =  1  PRV =  0
SBY 23:52:47 [fifo] engine_0: 31 : ... 37 22 53 74 67 55 57 40 34 34 19 8 5 29 25 8 7 5 7 73 ~124       0    54      0.62 sec  T/O =  1  PRV =  0
SBY 23:52:47 [fifo] engine_0: 32 : ... 22 53 74 67 55 57 40 34 34 19 8 5 29 25 8 7 5 8 9 70 ~124        4    61      0.64 sec  T/O =  1  PRV =  0
SBY 23:52:47 [fifo] engine_0: 33 : ... 74 67 55 57 40 34 34 19 8 5 29 29 12 13 16 12 16 14 75 ~124     30    74      0.69 sec  T/O =  1  PRV =  0
SBY 23:52:47 [fifo] engine_0: 33 : ... 74 67 55 57 40 34 34 19 8 5 29 29 15 18 23 24 33 33 88 ~124     36    75      0.72 sec  T/O =  1  PRV =  0
SBY 23:52:47 [fifo] engine_0: 33 : ... 67 55 57 40 34 34 19 8 5 29 29 15 18 23 24 33 33 107 ~124       22    75      0.72 sec  T/O =  1  PRV =  0
SBY 23:52:47 [fifo] engine_0: 34 : ... 53 74 67 55 57 40 34 34 19 8 5 29 26 8 7 5 3 4 2 60 55 ~134      0    75      0.76 sec  T/O =  1  PRV =  0
SBY 23:52:47 [fifo] engine_0: 35 : ... 55 57 40 34 35 20 11 7 29 26 8 11 12 13 17 3 56 51 16 ~134      33    76      0.80 sec  T/O =  1  PRV =  0
SBY 23:52:47 [fifo] engine_0: 35 : ... 56 58 41 35 35 20 11 7 29 26 8 13 15 18 24 22 64 51 22 ~134     42    76      0.82 sec  T/O =  1  PRV =  0
SBY 23:52:47 [fifo] engine_0: 35 : ... 56 58 41 35 35 20 11 7 29 26 8 13 15 18 25 25 86 90 47 ~134     38    79      0.86 sec  T/O =  1  PRV =  0
SBY 23:52:47 [fifo] engine_0: 35 : ... 56 58 41 35 35 20 11 7 29 26 8 13 15 18 25 25 87 93 67 ~134      4    79      0.87 sec  T/O =  1  PRV =  0
SBY 23:52:47 [fifo] engine_0: 36 : ... 67 56 56 41 29 30 24 9 6 29 26 8 8 7 4 4 3 4 27 49 102 ~146      4    79      0.91 sec  T/O =  1  PRV =  0
SBY 23:52:48 [fifo] engine_0: 37 : ... 56 41 29 30 24 9 6 29 26 8 8 9 7 8 8 13 15 32 105 63 ~138       19    79      0.97 sec  T/O =  1  PRV =  0
SBY 23:52:48 [fifo] engine_0: 37 : ... 56 41 29 30 24 9 6 29 26 8 8 9 7 8 8 13 15 32 114 77 ~138       19    79      0.98 sec  T/O =  1  PRV =  0
SBY 23:52:48 [fifo] engine_0: Timing out on output 1 in frame 37 (retrying in next anytime pass).
SBY 23:52:48 [fifo] engine_0: 37 : ... 56 41 29 30 24 9 6 29 26 8 8 9 7 8 8 13 15 32 114 77 ~138        0    79      0.98 sec  T/O =  2  PRV =  0
SBY 23:52:48 [fifo] engine_0: 38 : ... 56 56 41 29 30 24 9 6 29 26 8 8 9 6 5 3 4 3 4 85 98 1 ~142       0    79      1.02 sec  T/O =  2  PRV =  0
SBY 23:52:48 [fifo] engine_0: All outputs solved or timed out in frame 38.
SBY 23:52:48 [fifo] engine_0: Starting new anytime pass, reusing clauses.
SBY 23:52:48 [fifo] engine_0: Frame Clauses                                                     Max Queue Flops Time
SBY 23:52:48 [fifo] engine_0: 1 : 0 886 ~142                                                           0     0      0.13 sec  T/O =  0  PRV =  0
SBY 23:52:48 [fifo] engine_0: 2 : 0 3 883 ~142                                                         0     0      0.13 sec  T/O =  0  PRV =  0
SBY 23:52:48 [fifo] engine_0: 3 : 0 3 6 877 ~142                                                       0     0      0.14 sec  T/O =  0  PRV =  0
SBY 23:52:48 [fifo] engine_0: 4 : 0 3 6 5 872 ~142                                                     0     0      0.14 sec  T/O =  0  PRV =  0
SBY 23:52:48 [fifo] engine_0: 5 : 0 3 6 5 3 869 ~142                                                   0     0      0.14 sec  T/O =  0  PRV =  0
SBY 23:52:48 [fifo] engine_0: 6 : 0 3 6 5 3 5 864 ~142                                                 0     0      0.14 sec  T/O =  0  PRV =  0
SBY 23:52:48 [fifo] engine_0: 7 : 0 3 6 5 3 5 4 860 ~142                                               0     0      0.14 sec  T/O =  0  PRV =  0
SBY 23:52:48 [fifo] engine_0: 8 : 0 3 6 5 3 5 4 7 853 ~142                                             0     0      0.15 sec  T/O =  0  PRV =  0
SBY 23:52:48 [fifo] engine_0: 9 : 0 3 6 5 3 5 4 7 6 847 ~142                                           0     0      0.15 sec  T/O =  0  PRV =  0
SBY 23:52:48 [fifo] engine_0: 10 : 0 3 6 5 3 5 4 7 6 15 832 ~142                                        0     0      0.15 sec  T/O =  0  PRV =  0
SBY 23:52:48 [fifo] engine_0: 11 : 0 3 6 5 3 5 4 7 6 15 15 817 ~142                                     0     0      0.15 sec  T/O =  0  PRV =  0
SBY 23:52:48 [fifo] engine_0: 12 : 0 3 6 5 3 5 4 7 6 15 15 25 792 ~142                                  0     0      0.16 sec  T/O =  0  PRV =  0
SBY 23:52:48 [fifo] engine_0: 13 : 0 3 6 5 3 5 4 7 6 15 15 25 37 755 ~142                               0     0      0.16 sec  T/O =  0  PRV =  0
SBY 23:52:48 [fifo] engine_0: 14 : 0 3 6 5 3 5 4 7 6 15 15 25 37 23 732 ~142                            0     0      0.16 sec  T/O =  0  PRV =  0
SBY 23:52:48 [fifo] engine_0: 15 : 0 3 6 5 3 5 4 7 6 15 15 25 37 23 53 679 ~142                         0     0      0.17 sec  T/O =  0  PRV =  0
SBY 23:52:48 [fifo] engine_0: 16 : 0 3 6 5 3 5 4 7 6 15 15 25 37 23 53 74 605 ~142                      0     0      0.18 sec  T/O =  0  PRV =  0
SBY 23:52:48 [fifo] engine_0: 17 : 0 3 6 5 3 5 4 7 6 15 15 25 37 23 53 74 67 538 ~142                   0     0      0.18 sec  T/O =  0  PRV =  0
SBY 23:52:48 [fifo] engine_0: 18 : 0 3 6 5 3 5 4 7 6 15 15 25 37 23 53 74 67 56 483 ~142                1     3      0.19 sec  T/O =  0  PRV =  0
SBY 23:52:48 [fifo] engine_0: 19 : 0 3 6 5 3 5 4 7 6 15 15 25 41 27 61 87 80 63 64 432 ~142            28    27      0.28 sec  T/O =  0  PRV =  0
SBY 23:52:48 [fifo] engine_0: 19 : 0 3 6 5 3 5 4 7 6 15 15 25 44 34 73 105 92 63 64 444 ~142           48    36      0.30 sec  T/O =  0  PRV =  0
SBY 23:52:48 [fifo] engine_0: 19 : 0 3 6 5 3 5 4 7 6 15 15 25 44 34 77 108 109 98 72 452 ~142          61    36      0.33 sec  T/O =  0  PRV =  0
SBY 23:52:48 [fifo] engine_0: 19 : 0 3 6 5 3 5 4 7 6 15 15 30 49 43 88 124 132 104 72 453 ~142         82    37      0.35 sec  T/O =  0  PRV =  0
SBY 23:52:48 [fifo] engine_0: 19 : ... 3 6 5 3 5 4 7 6 15 15 30 49 43 88 124 132 121 116 471 ~142      82    38      0.38 sec  T/O =  0  PRV =  0
SBY 23:52:48 [fifo] engine_0: 19 : ... 3 6 5 3 5 4 7 6 15 15 36 58 52 95 131 137 126 122 482 ~142      81    38      0.41 sec  T/O =  0  PRV =  0
SBY 23:52:48 [fifo] engine_0: 19 : ... 3 6 5 3 5 4 7 6 15 15 36 58 52 95 132 145 142 148 509 ~142      85    38      0.44 sec  T/O =  0  PRV =  0
SBY 23:52:48 [fifo] engine_0: 19 : ... 3 6 5 3 5 4 7 6 15 15 36 58 52 95 132 145 143 165 567 ~142      72    39      0.47 sec  T/O =  0  PRV =  0
SBY 23:52:48 [fifo] engine_0: 19 : ... 3 6 5 3 5 4 7 6 15 15 36 58 52 95 132 145 143 167 591 ~142       9    39      0.48 sec  T/O =  0  PRV =  0
SBY 23:52:48 [fifo] engine_0: 20 : ... 3 6 5 3 5 4 7 6 14 12 24 54 36 69 79 117 47 21 57 567 ~151       2    39      0.58 sec  T/O =  0  PRV =  0
SBY 23:52:48 [fifo] engine_0: 21 : ... 6 5 3 5 4 7 6 14 12 24 54 36 69 77 108 46 21 52 59 521 ~143      5    52      0.68 sec  T/O =  0  PRV =  0
SBY 23:52:48 [fifo] engine_0: 22 : ... 3 5 4 7 6 14 12 24 54 38 76 86 117 54 21 45 45 80 448 ~146      22    52      0.77 sec  T/O =  0  PRV =  0
SBY 23:52:48 [fifo] engine_0: 22 : ... 3 5 4 7 6 14 12 24 54 38 78 91 122 55 21 45 45 82 448 ~146      23    52      0.77 sec  T/O =  0  PRV =  0
SBY 23:52:48 [fifo] engine_0: 22 : ... 3 5 4 7 6 14 12 24 54 42 85 102 136 66 23 45 46 86 456 ~146     40    52      0.80 sec  T/O =  0  PRV =  0
SBY 23:52:48 [fifo] engine_0: 22 : ... 3 5 4 7 6 14 12 24 54 44 90 112 150 75 33 49 50 88 466 ~146     55    52      0.82 sec  T/O =  0  PRV =  0
SBY 23:52:48 [fifo] engine_0: 22 : ... 3 5 4 7 6 14 12 24 54 44 90 112 151 80 48 75 59 90 474 ~146     62    52      0.85 sec  T/O =  0  PRV =  0
SBY 23:52:48 [fifo] engine_0: 22 : ... 3 5 4 7 6 14 12 24 54 51 97 122 157 93 58 79 59 90 481 ~146     91    52      0.88 sec  T/O =  0  PRV =  0
SBY 23:52:48 [fifo] engine_0: 22 : ... 5 4 7 6 14 12 24 54 51 99 127 166 106 77 97 63 93 491 ~146      99    52      0.92 sec  T/O =  0  PRV =  0
SBY 23:52:48 [fifo] engine_0: 22 : ... 5 4 7 6 14 12 24 54 51 99 127 166 106 78 103 64 93 491 ~146     97    52      0.92 sec  T/O =  0  PRV =  0
SBY 23:52:48 [fifo] engine_0: Timing out on output 0 in frame 22 (retrying in next anytime pass).
SBY 23:52:48 [fifo] engine_0: 22 : ... 5 4 7 6 14 12 24 54 51 99 127 166 106 78 103 64 93 491 ~146      0    52      0.92 sec  T/O =  1  PRV =  0
SBY 23:52:49 [fifo] engine_0: 23 : ... 4 7 6 14 11 23 45 35 86 98 151 62 21 49 46 87 155 429 ~148       0    52      1.02 sec  T/O =  1  PRV =  0
SBY 23:52:49 [fifo] engine_0: 24 : ... 6 14 11 23 45 34 85 95 149 60 20 46 43 87 153 118 311 ~148       0    52      1.05 sec  T/O =  1  PRV =  0
SBY 23:52:49 [fifo] engine_0: 25 : ... 14 11 23 45 34 85 95 149 60 20 46 43 87 153 118 44 267 ~148      0    52      1.08 sec  T/O =  1  PRV =  0
SBY 23:52:49 [fifo] engine_0: 26 : ... 11 23 45 34 85 95 149 60 20 46 43 87 153 118 44 44 222 ~148      0    52      1.11 sec  T/O =  1  PRV =  0
SBY 23:52:49 [fifo] engine_0: 27 : ... 23 45 34 85 95 149 60 20 46 43 87 153 118 44 44 35 186 ~148      0    52      1.15 sec  T/O =  1  PRV =  0
SBY 23:52:49 [fifo] engine_0: 28 : ... 45 33 85 95 149 60 20 46 43 87 153 118 44 44 35 8 177 ~148       0    52      1.18 sec  T/O =  1  PRV =  0
SBY 23:52:49 [fifo] engine_0: 29 : ... 32 83 94 151 61 21 46 43 87 153 118 44 44 35 8 8 169 ~148        0    52      1.22 sec  T/O =  1  PRV =  0
SBY 23:52:49 [fifo] engine_0: 30 : ... 32 83 94 151 61 21 46 43 87 153 118 44 44 35 8 8 8 161 ~148      0    52      1.26 sec  T/O =  1  PRV =  0
SBY 23:52:49 [fifo] engine_0: 31 : ... 83 94 151 61 21 46 43 87 153 118 44 44 35 8 8 8 6 155 ~148       0    52      1.29 sec  T/O =  1  PRV =  0
SBY 23:52:49 [fifo] engine_0: 32 : ... 94 151 61 21 46 43 87 153 118 44 44 35 8 8 8 6 5 150 ~148        0    52      1.32 sec  T/O =  1  PRV =  0
SBY 23:52:49 [fifo] engine_0: 33 : ... 94 151 61 21 46 43 87 153 118 44 44 35 8 8 8 6 5 3 147 ~148      0    52      1.35 sec  T/O =  1  PRV =  0
SBY 23:52:49 [fifo] engine_0: 34 : ... 151 61 21 46 43 87 153 118 44 44 35 8 8 8 6 5 3 4 143 ~148       0    52      1.38 sec  T/O =  1  PRV =  0
SBY 23:52:49 [fifo] engine_0: 35 : ... 61 20 46 43 87 153 118 44 44 35 8 8 8 6 5 3 4 3 140 ~148         0    52      1.42 sec  T/O =  1  PRV =  0
SBY 23:52:49 [fifo] engine_0: 36 : ... 61 20 46 43 87 153 118 44 44 35 8 8 8 6 5 3 4 3 4 136 ~148       0    52      1.45 sec  T/O =  1  PRV =  0
SBY 23:52:49 [fifo] engine_0: 37 : ... 20 46 43 87 153 118 44 44 35 8 8 8 6 5 3 4 3 4 56 80 ~148        0    52      1.49 sec  T/O =  1  PRV =  0
SBY 23:52:49 [fifo] engine_0: 38 : ... 20 46 43 87 153 118 44 44 35 8 8 8 6 5 3 5 4 5 59 89 6 ~148      8    58      1.53 sec  T/O =  1  PRV =  0
SBY 23:52:49 [fifo] engine_0: 39 : ... 87 153 118 44 45 37 10 10 10 8 9 9 10 12 12 2 5 5 136 ~148      18    78      1.60 sec  T/O =  1  PRV =  0
SBY 23:52:49 [fifo] engine_0: 39 : ... 154 118 44 45 37 10 10 10 8 9 9 10 12 14 16 19 15 148 ~148      44    80      1.62 sec  T/O =  1  PRV =  0
SBY 23:52:49 [fifo] engine_0: 39 : ... 154 118 44 45 37 10 10 10 8 9 9 10 12 18 22 28 30 168 ~148      43    82      1.65 sec  T/O =  1  PRV =  0
SBY 23:52:49 [fifo] engine_0: 39 : ... 154 118 44 45 37 10 10 10 8 9 9 10 12 18 22 28 30 187 ~148       0    82      1.66 sec  T/O =  1  PRV =  0
SBY 23:52:49 [fifo] engine_0: 40 : ... 88 143 119 52 16 5 3 30 33 8 11 5 3 4 3 5 6 11 98 84 ~172        3    82      1.72 sec  T/O =  1  PRV =  0
SBY 23:52:49 [fifo] engine_0: 41 : ... 143 119 52 16 5 3 30 33 8 11 4 3 5 3 5 6 10 94 111 9 ~161       15    86      1.79 sec  T/O =  1  PRV =  0
SBY 23:52:49 [fifo] engine_0: 42 : ... 119 52 16 5 3 30 33 8 11 4 3 3 3 6 6 9 20 27 31 171 ~168        15    86      1.87 sec  T/O =  1  PRV =  0
SBY 23:52:49 [fifo] engine_0: 42 : ... 119 52 16 5 3 30 33 8 11 4 3 3 3 6 6 9 21 28 35 191 ~168        16    86      1.88 sec  T/O =  1  PRV =  0
SBY 23:52:50 [fifo] engine_0: 43 : ... 52 16 5 3 30 33 8 11 4 3 3 4 6 10 8 13 16 22 132 85 ~161        23    86      1.97 sec  T/O =  1  PRV =  0
SBY 23:52:50 [fifo] engine_0: 43 : ... 52 16 5 3 30 33 8 11 4 3 3 5 6 16 15 22 27 28 138 94 ~161       58    86      2.00 sec  T/O =  1  PRV =  0
SBY 23:52:50 [fifo] engine_0: 43 : ... 52 16 6 3 30 33 8 11 4 3 3 5 6 18 19 28 36 47 151 96 ~161       68    86      2.02 sec  T/O =  1  PRV =  0
SBY 23:52:50 [fifo] engine_0: 43 : ... 52 16 6 3 30 33 8 11 4 3 3 5 6 18 19 28 36 47 168 141 ~161      56    86      2.04 sec  T/O =  1  PRV =  0
SBY 23:52:50 [fifo] engine_0: 44 : ... 3 5 30 33 8 11 4 3 3 4 4 9 11 8 9 7 135 176 -16 ~175      4    86      2.12 sec  T/O =  1  PRV =  0
SBY 23:52:50 [fifo] engine_0: 45 : ... 3 5 30 33 8 11 4 3 3 5 6 11 13 12 13 12 11 18 47 210 ~166       21    86      2.21 sec  T/O =  1  PRV =  0
SBY 23:52:50 [fifo] engine_0: 45 : ... 3 5 30 33 8 11 4 3 3 5 6 11 13 16 18 20 25 28 58 221 ~166       37    86      2.25 sec  T/O =  1  PRV =  0
SBY 23:52:50 [fifo] engine_0: 45 : ... 3 5 30 33 8 11 4 3 3 5 6 11 13 18 23 31 38 53 73 224 ~166       59    86      2.29 sec  T/O =  1  PRV =  0
SBY 23:52:50 [fifo] engine_0: 45 : ... 3 5 30 33 8 11 4 3 3 5 6 11 13 18 23 31 38 53 86 261 ~166       56    86      2.31 sec  T/O =  1  PRV =  0
SBY 23:52:50 [fifo] engine_0: 46 : ... 3 5 30 33 8 11 4 3 3 4 4 8 11 10 10 10 3 5 9 177 134 ~174        3    86      2.38 sec  T/O =  1  PRV =  0
SBY 23:52:50 [fifo] engine_0: Timing out on output 1 in frame 46 (retrying in next anytime pass).
SBY 23:52:50 [fifo] engine_0: 46 : ... 3 5 30 33 8 11 4 3 3 4 4 8 11 10 10 10 3 5 9 177 134 ~174        0    86      2.38 sec  T/O =  2  PRV =  0
SBY 23:52:50 [fifo] engine_0: 47 : ... 8 11 4 3 3 4 4 8 11 10 10 10 3 5 5 172 162 -28 ~174       0    86      2.43 sec  T/O =  2  PRV =  0
SBY 23:52:50 [fifo] engine_0: All outputs solved or timed out in frame 47.
SBY 23:52:50 [fifo] engine_0: Starting new anytime pass, reusing clauses.
SBY 23:52:50 [fifo] engine_0: Frame Clauses                                                     Max Queue Flops Time
SBY 23:52:50 [fifo] engine_0: 1 : 0 1555 ~174                                                          0     0      0.32 sec  T/O =  0  PRV =  0
SBY 23:52:50 [fifo] engine_0: 2 : 0 3 1552 ~174                                                        0     0      0.32 sec  T/O =  0  PRV =  0
SBY 23:52:50 [fifo] engine_0: 3 : 0 3 6 1546 ~174                                                      0     0      0.33 sec  T/O =  0  PRV =  0
SBY 23:52:50 [fifo] engine_0: 4 : 0 3 6 5 1541 ~174                                                    0     0      0.33 sec  T/O =  0  PRV =  0
SBY 23:52:50 [fifo] engine_0: 5 : 0 3 6 5 3 1538 ~174                                                  0     0      0.34 sec  T/O =  0  PRV =  0
SBY 23:52:50 [fifo] engine_0: 6 : 0 3 6 5 3 5 1533 ~174                                                0     0      0.34 sec  T/O =  0  PRV =  0
SBY 23:52:50 [fifo] engine_0: 7 : 0 3 6 5 3 5 4 1529 ~174                                              0     0      0.35 sec  T/O =  0  PRV =  0
SBY 23:52:50 [fifo] engine_0: 8 : 0 3 6 5 3 5 4 7 1522 ~174                                            0     0      0.35 sec  T/O =  0  PRV =  0
SBY 23:52:50 [fifo] engine_0: 9 : 0 3 6 5 3 5 4 7 6 1516 ~174                                          0     0      0.36 sec  T/O =  0  PRV =  0
SBY 23:52:50 [fifo] engine_0: 10 : 0 3 6 5 3 5 4 7 6 14 1502 ~174                                       0     0      0.37 sec  T/O =  0  PRV =  0
SBY 23:52:50 [fifo] engine_0: 11 : 0 3 6 5 3 5 4 7 6 14 11 1491 ~174                                    0     0      0.37 sec  T/O =  0  PRV =  0
SBY 23:52:50 [fifo] engine_0: 12 : 0 3 6 5 3 5 4 7 6 14 11 23 1468 ~174                                 0     0      0.38 sec  T/O =  0  PRV =  0
SBY 23:52:50 [fifo] engine_0: 13 : 0 3 6 5 3 5 4 7 6 14 11 23 45 1423 ~174                              0     0      0.38 sec  T/O =  0  PRV =  0
SBY 23:52:50 [fifo] engine_0: 14 : 0 3 6 5 3 5 4 7 6 14 11 23 45 32 1391 ~174                           0     0      0.39 sec  T/O =  0  PRV =  0
SBY 23:52:50 [fifo] engine_0: 15 : 0 3 6 5 3 5 4 7 6 14 11 23 45 32 83 1308 ~174                        0     0      0.40 sec  T/O =  0  PRV =  0
SBY 23:52:50 [fifo] engine_0: 16 : 0 3 6 5 3 5 4 7 6 14 11 23 45 32 83 94 1214 ~174                     0     0      0.41 sec  T/O =  0  PRV =  0
SBY 23:52:50 [fifo] engine_0: 17 : 0 3 6 5 3 5 4 7 6 14 11 23 45 32 83 94 150 1064 ~174                 0     0      0.42 sec  T/O =  0  PRV =  0
SBY 23:52:50 [fifo] engine_0: 18 : 0 3 6 5 3 5 4 7 6 14 11 23 45 32 83 94 150 61 1003 ~174              0     0      0.44 sec  T/O =  0  PRV =  0
SBY 23:52:50 [fifo] engine_0: 19 : 0 3 6 5 3 5 4 7 6 14 11 23 45 32 83 94 150 61 21 982 ~174            0     0      0.45 sec  T/O =  0  PRV =  0
SBY 23:52:50 [fifo] engine_0: 20 : ... 3 6 5 3 5 4 7 6 14 11 23 45 32 83 94 150 61 21 48 934 ~174       0     0      0.47 sec  T/O =  0  PRV =  0
SBY 23:52:50 [fifo] engine_0: 21 : ... 6 5 3 5 4 7 6 14 11 23 45 32 83 94 150 61 21 48 44 890 ~174      0     0      0.49 sec  T/O =  0  PRV =  0
SBY 23:52:51 [fifo] engine_0: 22 : ... 3 5 4 7 6 14 11 23 45 32 83 94 150 61 21 55 61 113 818 ~174     25    27      0.53 sec  T/O =  0  PRV =  0
SBY 23:52:51 [fifo] engine_0: 22 : ... 3 5 4 7 6 14 11 23 45 32 83 94 150 61 21 55 66 129 862 ~174     21    32      0.56 sec  T/O =  0  PRV =  0
SBY 23:52:51 [fifo] engine_0: 22 : ... 3 5 4 7 6 14 11 23 45 37 93 99 154 67 27 63 71 131 873 ~174     23    34      0.59 sec  T/O =  0  PRV =  0
SBY 23:52:51 [fifo] engine_0: 22 : ... 3 5 4 7 6 14 11 23 45 37 93 99 154 67 27 63 72 136 888 ~174     14    35      0.59 sec  T/O =  0  PRV =  0
SBY 23:52:51 [fifo] engine_0: 23 : ... 4 7 6 14 11 23 45 34 91 95 150 63 22 54 47 110 192 695 ~175     27    38      0.78 sec  T/O =  0  PRV =  0
SBY 23:52:51 [fifo] engine_0: 23 : ... 4 7 6 14 11 23 45 34 91 97 154 67 27 71 58 129 197 698 ~175     45    38      0.81 sec  T/O =  0  PRV =  0
SBY 23:52:51 [fifo] engine_0: 23 : ... 4 7 6 14 11 23 45 34 91 97 154 67 27 71 58 130 226 742 ~175     42    39      0.84 sec  T/O =  0  PRV =  0
SBY 23:52:51 [fifo] engine_0: 23 : ... 4 7 6 14 11 23 45 34 91 97 154 67 27 71 58 130 230 769 ~175     21    39      0.85 sec  T/O =  0  PRV =  0
SBY 23:52:51 [fifo] engine_0: 24 : ... 7 6 14 11 23 45 34 78 90 138 55 27 69 41 65 46 114 801 ~177      2    39      1.03 sec  T/O =  0  PRV =  0
SBY 23:52:51 [fifo] engine_0: 25 : ... 14 11 23 45 34 78 90 138 55 24 66 40 63 46 104 157 654 ~176      4    40      1.19 sec  T/O =  0  PRV =  0
SBY 23:52:51 [fifo] engine_0: 26 : ... 11 23 45 34 78 89 135 55 24 66 40 63 46 97 136 160 580 ~176     14    40      1.34 sec  T/O =  0  PRV =  0
SBY 23:52:51 [fifo] engine_0: 26 : ... 23 45 34 78 89 135 55 24 66 40 64 48 106 146 177 604 ~176       27    40      1.36 sec  T/O =  0  PRV =  0
SBY 23:52:51 [fifo] engine_0: 26 : ... 23 45 34 78 89 135 55 25 68 45 68 56 113 148 182 632 ~176       23    47      1.39 sec  T/O =  0  PRV =  0
SBY 23:52:51 [fifo] engine_0: 26 : ... 23 45 34 78 89 135 55 25 68 45 72 65 132 172 189 641 ~176       39    48      1.42 sec  T/O =  0  PRV =  0
SBY 23:52:51 [fifo] engine_0: 26 : ... 23 45 34 78 89 136 55 26 69 45 72 65 137 191 214 644 ~176       54    48      1.44 sec  T/O =  0  PRV =  0
SBY 23:52:51 [fifo] engine_0: 26 : ... 23 45 34 78 89 136 55 26 69 45 72 65 137 195 240 700 ~176       55    48      1.47 sec  T/O =  0  PRV =  0
SBY 23:52:51 [fifo] engine_0: 26 : ... 23 45 34 78 89 136 55 26 69 45 72 65 137 195 240 710 ~176       11    48      1.47 sec  T/O =  0  PRV =  0
SBY 23:52:52 [fifo] engine_0: 27 : ... 23 45 32 78 84 133 53 15 46 19 62 33 105 58 82 105 796 ~181     18    48      1.66 sec  T/O =  0  PRV =  0
SBY 23:52:52 [fifo] engine_0: 27 : ... 23 45 32 78 84 133 53 15 46 19 62 33 107 70 91 110 805 ~181     21    48      1.68 sec  T/O =  0  PRV =  0
SBY 23:52:52 [fifo] engine_0: 27 : ... 23 45 32 78 84 133 53 15 46 20 62 33 107 70 93 122 834 ~181     27    48      1.70 sec  T/O =  0  PRV =  0
SBY 23:52:52 [fifo] engine_0: 28 : ... 45 32 78 84 133 53 15 46 10 61 29 97 51 78 113 146 727 ~180     20    48      1.88 sec  T/O =  0  PRV =  0
SBY 23:52:52 [fifo] engine_0: 28 : ... 45 32 78 84 133 53 15 46 10 61 29 97 51 78 113 149 744 ~180      9    48      1.89 sec  T/O =  0  PRV =  0
SBY 23:52:52 [fifo] engine_0: 29 : ... 32 78 84 133 53 15 46 10 61 29 93 29 50 55 94 242 623 ~180       5    48      2.04 sec  T/O =  0  PRV =  0
SBY 23:52:52 [fifo] engine_0: 30 : ... 78 84 133 53 15 46 10 61 29 93 32 47 60 98 254 242 402 ~180     32    49      2.19 sec  T/O =  0  PRV =  0
SBY 23:52:52 [fifo] engine_0: 30 : ... 84 133 53 15 46 10 61 29 93 32 47 60 100 269 273 425 ~180       44    49      2.22 sec  T/O =  0  PRV =  0
SBY 23:52:52 [fifo] engine_0: 30 : ... 84 133 53 15 46 10 61 29 93 32 47 60 100 272 295 474 ~180       37    49      2.24 sec  T/O =  0  PRV =  0
SBY 23:52:52 [fifo] engine_0: 30 : ... 84 133 53 15 46 10 61 29 93 32 47 61 107 290 322 483 ~180       23    49      2.27 sec  T/O =  0  PRV =  0
SBY 23:52:52 [fifo] engine_0: 30 : ... 84 133 53 15 46 10 61 29 93 32 47 61 107 298 338 525 ~180       24    49      2.31 sec  T/O =  0  PRV =  0
SBY 23:52:52 [fifo] engine_0: 30 : ... 84 133 53 15 46 10 61 29 93 32 48 63 111 310 362 547 ~180       22    49      2.34 sec  T/O =  0  PRV =  0
SBY 23:52:52 [fifo] engine_0: 30 : ... 84 133 53 15 46 10 61 29 93 35 56 76 125 315 368 565 ~180       23    49      2.37 sec  T/O =  0  PRV =  0
SBY 23:52:52 [fifo] engine_0: 30 : ... 84 133 53 15 46 10 61 29 93 35 56 76 126 349 409 567 ~180       43    49      2.40 sec  T/O =  0  PRV =  0
SBY 23:52:52 [fifo] engine_0: 30 : ... 84 133 53 15 46 10 61 29 93 35 56 76 126 351 420 625 ~180       46    49      2.43 sec  T/O =  0  PRV =  0
SBY 23:52:53 [fifo] engine_0: 31 : ... 127 49 15 47 10 60 29 92 29 32 11 10 256 268 343 475 ~182       24    50      2.66 sec  T/O =  0  PRV =  0
SBY 23:52:53 [fifo] engine_0: 31 : ... 127 49 15 47 10 60 29 92 29 32 11 10 256 278 368 509 ~182       20    50      2.69 sec  T/O =  0  PRV =  0
SBY 23:52:53 [fifo] engine_0: 31 : ... 127 49 15 47 10 60 29 92 29 32 15 16 274 300 374 523 ~182       28    50      2.72 sec  T/O =  0  PRV =  0
SBY 23:52:53 [fifo] engine_0: 31 : ... 127 49 15 47 10 60 29 92 29 32 15 16 274 300 387 526 ~182       28    50      2.72 sec  T/O =  0  PRV =  0
SBY 23:52:53 [fifo] engine_0: Timing out on output 0 in frame 31 (retrying in next anytime pass).
SBY 23:52:53 [fifo] engine_0: 31 : ... 127 49 15 47 10 60 29 92 29 32 15 16 274 300 387 526 ~182        0    50      2.72 sec  T/O =  1  PRV =  0
SBY 23:52:53 [fifo] engine_0: 32 : ... 48 15 47 10 60 29 92 27 32 12 13 249 192 364 173 406 ~180        0    50      2.88 sec  T/O =  1  PRV =  0
SBY 23:52:53 [fifo] engine_0: 33 : ... 15 47 10 60 29 92 27 32 12 13 247 186 348 169 49 357 ~180        0    50      2.94 sec  T/O =  1  PRV =  0
SBY 23:52:53 [fifo] engine_0: 34 : ... 15 47 10 60 29 92 27 32 12 13 247 186 348 169 49 7 349 ~180      0    50      3.01 sec  T/O =  1  PRV =  0
SBY 23:52:53 [fifo] engine_0: 35 : ... 47 10 60 29 92 27 32 12 13 247 186 348 169 49 7 4 344 ~180       0    50      3.07 sec  T/O =  1  PRV =  0
SBY 23:52:53 [fifo] engine_0: 36 : ... 10 60 29 92 27 32 12 13 247 186 348 169 49 7 4 4 339 ~180        0    50      3.14 sec  T/O =  1  PRV =  0
SBY 23:52:53 [fifo] engine_0: 37 : ... 10 60 29 92 27 32 12 13 247 186 348 169 49 7 4 4 3 335 ~180      0    50      3.20 sec  T/O =  1  PRV =  0
SBY 23:52:53 [fifo] engine_0: 38 : ... 60 29 92 27 32 12 13 247 186 348 169 49 7 4 4 3 7 328 ~180       0    50      3.26 sec  T/O =  1  PRV =  0
SBY 23:52:53 [fifo] engine_0: 39 : ... 29 92 27 32 12 13 247 186 348 169 49 7 4 4 3 7 9 319 ~180        0    50      3.31 sec  T/O =  1  PRV =  0
SBY 23:52:53 [fifo] engine_0: 40 : ... 92 27 32 12 13 247 186 348 169 49 7 4 4 3 7 9 10 309 ~180        0    50      3.37 sec  T/O =  1  PRV =  0
SBY 23:52:53 [fifo] engine_0: 41 : ... 27 32 12 13 247 186 348 169 49 7 4 4 3 7 9 10 10 299 ~180        0    50      3.43 sec  T/O =  1  PRV =  0
SBY 23:52:53 [fifo] engine_0: 42 : ... 32 12 13 247 186 348 169 49 7 4 4 3 7 9 10 10 10 289 ~180        0    50      3.49 sec  T/O =  1  PRV =  0
SBY 23:52:54 [fifo] engine_0: 43 : ... 32 12 13 247 186 348 169 49 7 4 4 3 7 9 10 10 10 3 286 ~180      0    50      3.56 sec  T/O =  1  PRV =  0
SBY 23:52:54 [fifo] engine_0: 44 : ... 12 13 247 186 348 169 49 7 4 4 3 7 9 10 10 10 3 5 281 ~180       0    50      3.63 sec  T/O =  1  PRV =  0
SBY 23:52:54 [fifo] engine_0: 45 : ... 13 247 186 348 169 49 7 4 4 3 7 9 10 10 10 3 5 5 276 ~180        0    50      3.69 sec  T/O =  1  PRV =  0
SBY 23:52:54 [fifo] engine_0: 46 : ... 247 186 348 169 49 7 4 4 3 7 9 10 10 10 3 5 5 155 123 ~180       2    52      3.75 sec  T/O =  1  PRV =  0
SBY 23:52:54 [fifo] engine_0: 47 : ... 169 49 8 7 7 6 10 10 11 10 10 4 6 5 155 165 -10 ~180     29    53      3.83 sec  T/O =  1  PRV =  0
SBY 23:52:54 [fifo] engine_0: 47 : ... 52 12 9 9 10 13 14 11 10 10 8 9 8 155 165 -4 ~180       37    56      3.84 sec  T/O =  1  PRV =  0
SBY 23:52:54 [fifo] engine_0: 47 : ... 348 170 52 12 9 9 10 13 14 17 17 19 13 11 16 161 166 5 ~180     28    58      3.86 sec  T/O =  1  PRV =  0
SBY 23:52:54 [fifo] engine_0: 47 : ... 170 52 13 12 12 13 13 14 17 18 21 14 12 17 163 170 10 ~180      50    58      3.87 sec  T/O =  1  PRV =  0
SBY 23:52:54 [fifo] engine_0: 47 : ... 170 52 13 12 12 13 13 14 17 18 21 14 12 17 163 173 15 ~180       2    58      3.88 sec  T/O =  1  PRV =  0
SBY 23:52:54 [fifo] engine_0: 48 : ... 351 170 48 7 4 5 6 10 12 18 24 16 18 14 7 4 14 46 248 ~204      19    70      4.00 sec  T/O =  1  PRV =  0
SBY 23:52:54 [fifo] engine_0: 48 : ... 351 170 48 7 4 5 6 10 15 23 32 30 32 20 18 6 15 46 251 ~204     37    75      4.03 sec  T/O =  1  PRV =  0
SBY 23:52:54 [fifo] engine_0: 48 : ... 351 170 48 7 4 5 6 10 15 23 36 36 45 42 38 8 16 47 253 ~204     55    76      4.07 sec  T/O =  1  PRV =  0
SBY 23:52:54 [fifo] engine_0: 48 : ... 170 48 7 4 5 6 10 15 23 36 36 45 42 46 46 55 49 253 ~204        59    77      4.11 sec  T/O =  1  PRV =  0
SBY 23:52:54 [fifo] engine_0: 48 : ... 170 48 7 4 5 6 10 15 23 36 36 45 42 46 46 62 92 300 ~204        59    77      4.15 sec  T/O =  1  PRV =  0
SBY 23:52:54 [fifo] engine_0: 48 : ... 170 48 7 4 5 6 10 15 23 36 36 45 42 46 46 62 92 313 ~204         0    77      4.16 sec  T/O =  1  PRV =  0
SBY 23:52:54 [fifo] engine_0: 49 : ... 171 48 7 4 5 4 9 12 22 25 29 18 28 16 33 19 41 13 327 ~207      34    86      4.29 sec  T/O =  1  PRV =  0
SBY 23:52:54 [fifo] engine_0: 49 : ... 171 48 7 4 5 4 9 12 22 25 29 18 32 24 49 38 56 13 331 ~207      49    86      4.33 sec  T/O =  1  PRV =  0
SBY 23:52:54 [fifo] engine_0: 49 : ... 171 48 7 4 5 4 9 12 22 25 29 18 32 24 49 44 80 49 340 ~207      64    86      4.36 sec  T/O =  1  PRV =  0
SBY 23:52:54 [fifo] engine_0: 49 : ... 171 48 7 4 5 4 9 12 22 25 29 18 32 24 49 44 81 57 386 ~207      59    86      4.39 sec  T/O =  1  PRV =  0
SBY 23:52:55 [fifo] engine_0: 50 : ... 48 7 4 5 4 9 12 22 25 29 17 27 16 40 35 62 17 41 348 ~209        2    86      4.50 sec  T/O =  1  PRV =  0
SBY 23:52:55 [fifo] engine_0: 51 : ... 7 4 5 4 9 12 22 25 29 17 27 16 42 35 62 25 55 206 167 ~209      29    86      4.67 sec  T/O =  1  PRV =  0
SBY 23:52:55 [fifo] engine_0: 51 : ... 7 4 5 4 9 12 22 25 29 17 27 16 42 35 62 26 60 216 202 ~209      30    87      4.69 sec  T/O =  1  PRV =  0
SBY 23:52:55 [fifo] engine_0: 52 : ... 12 22 25 29 17 27 16 40 35 59 19 44 203 241 -3 ~209      4    87      4.79 sec  T/O =  1  PRV =  0
SBY 23:52:55 [fifo] engine_0: 53 : ... 5 4 9 12 22 25 29 17 27 16 40 35 59 19 44 41 54 64 264 ~209      0    87      4.89 sec  T/O =  1  PRV =  0
SBY 23:52:55 [fifo] engine_0: 54 : ... 9 12 22 25 29 17 27 16 40 35 59 19 44 42 61 71 188 118 ~209     23    87      5.01 sec  T/O =  1  PRV =  0
SBY 23:52:55 [fifo] engine_0: 54 : ... 9 12 22 25 29 17 27 16 40 35 59 19 44 44 70 85 205 133 ~209     35    87      5.03 sec  T/O =  1  PRV =  0
SBY 23:52:55 [fifo] engine_0: 54 : ... 12 22 25 29 17 27 16 40 35 59 19 44 44 73 100 231 154 ~209      38    87      5.06 sec  T/O =  1  PRV =  0
SBY 23:52:55 [fifo] engine_0: 54 : ... 12 22 25 29 17 27 16 40 35 59 19 44 44 74 108 256 184 ~209      34    87      5.10 sec  T/O =  1  PRV =  0
SBY 23:52:55 [fifo] engine_0: 54 : ... 12 22 25 29 17 27 16 40 35 59 19 44 44 74 111 284 224 ~209      19    88      5.13 sec  T/O =  1  PRV =  0
SBY 23:52:55 [fifo] engine_0: 54 : ... 12 22 25 29 17 27 16 40 35 59 19 44 44 74 111 285 238 ~209       8    88      5.14 sec  T/O =  1  PRV =  0
SBY 23:52:55 [fifo] engine_0: 55 : ... 22 24 29 17 27 15 39 40 73 20 39 20 44 35 240 312 14 ~214       13    89      5.30 sec  T/O =  1  PRV =  0
SBY 23:52:55 [fifo] engine_0: 55 : ... 22 24 29 17 27 15 39 40 73 20 40 21 47 42 255 338 32 ~214       19    89      5.33 sec  T/O =  1  PRV =  0
SBY 23:52:55 [fifo] engine_0: 55 : ... 22 24 29 17 29 16 39 40 73 21 41 22 48 43 257 351 63 ~214       16    89      5.35 sec  T/O =  1  PRV =  0
SBY 23:52:55 [fifo] engine_0: 55 : ... 22 24 33 21 30 16 41 41 74 21 41 22 48 43 257 356 78 ~214       26    89      5.37 sec  T/O =  1  PRV =  0
SBY 23:52:56 [fifo] engine_0: 56 : ... 12 14 5 16 14 12 23 56 39 60 42 35 30 38 113 305 200 ~227        8    91      5.54 sec  T/O =  1  PRV =  0
SBY 23:52:56 [fifo] engine_0: 57 : ... 16 13 12 21 55 38 60 42 36 33 44 67 256 310 -7 ~222     35    91      5.71 sec  T/O =  1  PRV =  0
SBY 23:52:56 [fifo] engine_0: 57 : ... 12 14 5 16 13 12 21 55 38 60 42 36 33 44 67 265 343 20 ~222     40    91      5.75 sec  T/O =  1  PRV =  0
SBY 23:52:56 [fifo] engine_0: 57 : ... 12 14 5 16 13 12 21 55 38 60 42 36 33 44 68 272 345 21 ~222     44    91      5.75 sec  T/O =  1  PRV =  0
SBY 23:52:56 [fifo] engine_0: Timing out on output 1 in frame 57 (retrying in next anytime pass).
SBY 23:52:56 [fifo] engine_0: 57 : ... 12 14 5 16 13 12 21 55 38 60 42 36 33 44 68 272 345 21 ~222      0    91      5.75 sec  T/O =  2  PRV =  0
SBY 23:52:56 [fifo] engine_0: 58 : ... 13 12 21 55 38 60 36 27 12 20 33 270 362 65 -27 ~227      0    91      5.89 sec  T/O =  2  PRV =  0
SBY 23:52:57 [fifo] engine_0: All outputs solved or timed out in frame 58.
SBY 23:52:57 [fifo] engine_0: Starting new anytime pass, reusing clauses.
SBY 23:52:57 [fifo] engine_0: Frame Clauses                                                     Max Queue Flops Time
SBY 23:52:57 [fifo] engine_0: 1 : 0 1402 ~228                                                          0     0      0.84 sec  T/O =  0  PRV =  0
SBY 23:52:57 [fifo] engine_0: 2 : 0 3 1399 ~228                                                        0     0      0.85 sec  T/O =  0  PRV =  0
SBY 23:52:57 [fifo] engine_0: 3 : 0 3 5 1394 ~228                                                      0     0      0.85 sec  T/O =  0  PRV =  0
SBY 23:52:57 [fifo] engine_0: 4 : 0 3 5 5 1389 ~228                                                    0     0      0.86 sec  T/O =  0  PRV =  0
SBY 23:52:57 [fifo] engine_0: 5 : 0 3 5 5 2 1387 ~228                                                  0     0      0.86 sec  T/O =  0  PRV =  0
SBY 23:52:57 [fifo] engine_0: 6 : 0 3 5 5 2 4 1383 ~228                                                0     0      0.86 sec  T/O =  0  PRV =  0
SBY 23:52:57 [fifo] engine_0: 7 : 0 3 5 5 2 4 4 1379 ~228                                              0     0      0.87 sec  T/O =  0  PRV =  0
SBY 23:52:57 [fifo] engine_0: 8 : 0 3 5 5 2 4 4 7 1372 ~228                                            0     0      0.87 sec  T/O =  0  PRV =  0
SBY 23:52:57 [fifo] engine_0: 9 : 0 3 5 5 2 4 4 7 5 1367 ~228                                          0     0      0.88 sec  T/O =  0  PRV =  0
SBY 23:52:57 [fifo] engine_0: 10 : 0 3 5 5 2 4 4 7 5 9 1358 ~228                                        0     0      0.88 sec  T/O =  0  PRV =  0
SBY 23:52:57 [fifo] engine_0: 11 : 0 3 5 5 2 4 4 7 5 9 7 1351 ~228                                      0     0      0.89 sec  T/O =  0  PRV =  0
SBY 23:52:57 [fifo] engine_0: 12 : 0 3 5 5 2 4 4 7 5 9 7 8 1343 ~228                                    0     0      0.89 sec  T/O =  0  PRV =  0
SBY 23:52:57 [fifo] engine_0: 13 : 0 3 5 5 2 4 4 7 5 9 7 8 7 1336 ~228                                  0     0      0.90 sec  T/O =  0  PRV =  0
SBY 23:52:57 [fifo] engine_0: 14 : 0 3 5 5 2 4 4 7 5 9 7 8 7 16 1320 ~228                               0     0      0.91 sec  T/O =  0  PRV =  0
SBY 23:52:57 [fifo] engine_0: 15 : 0 3 5 5 2 4 4 7 5 9 7 8 7 16 10 1310 ~228                            0     0      0.91 sec  T/O =  0  PRV =  0
SBY 23:52:57 [fifo] engine_0: 16 : 0 3 5 5 2 4 4 7 5 9 7 8 7 16 10 29 1281 ~228                         0     0      0.92 sec  T/O =  0  PRV =  0
SBY 23:52:57 [fifo] engine_0: 17 : 0 3 5 5 2 4 4 7 5 9 7 8 7 16 10 29 38 1243 ~228                      0     0      0.93 sec  T/O =  0  PRV =  0
SBY 23:52:57 [fifo] engine_0: 18 : 0 3 5 5 2 4 4 7 5 9 7 8 7 16 10 29 38 16 1227 ~228                   0     0      0.93 sec  T/O =  0  PRV =  0
SBY 23:52:57 [fifo] engine_0: 19 : 0 3 5 5 2 4 4 7 5 9 7 8 7 16 10 29 38 16 11 1216 ~228                0     0      0.94 sec  T/O =  0  PRV =  0
SBY 23:52:57 [fifo] engine_0: 20 : 0 3 5 5 2 4 4 7 5 9 7 8 7 16 10 29 38 16 11 12 1204 ~228             0     0      0.95 sec  T/O =  0  PRV =  0
SBY 23:52:57 [fifo] engine_0: 21 : 0 3 5 5 2 4 4 7 5 9 7 8 7 16 10 29 38 16 11 12 9 1195 ~228           0     0      0.96 sec  T/O =  0  PRV =  0
SBY 23:52:57 [fifo] engine_0: 22 : ... 3 5 5 2 4 4 7 5 9 7 8 7 16 10 29 38 16 11 12 9 8 1187 ~228       0     0      0.96 sec  T/O =  0  PRV =  0
SBY 23:52:57 [fifo] engine_0: 23 : ... 5 5 2 4 4 7 5 9 7 8 7 16 10 29 38 16 11 12 9 8 11 1176 ~228      0     0      0.97 sec  T/O =  0  PRV =  0
SBY 23:52:57 [fifo] engine_0: 24 : ... 2 4 4 7 5 9 7 8 7 16 10 29 38 16 11 12 9 8 11 17 1159 ~228       0     0      0.98 sec  T/O =  0  PRV =  0
SBY 23:52:57 [fifo] engine_0: 25 : ... 4 4 7 5 9 7 8 7 16 10 29 38 16 11 12 9 8 11 17 21 1138 ~228      0     0      0.99 sec  T/O =  0  PRV =  0
SBY 23:52:57 [fifo] engine_0: 26 : ... 7 5 9 7 8 7 16 10 29 38 16 11 12 9 8 11 17 21 18 1120 ~228       0     0      1.00 sec  T/O =  0  PRV =  0
SBY 23:52:57 [fifo] engine_0: 27 : ... 5 9 7 8 7 16 10 29 38 16 11 12 9 8 11 17 21 18 11 1109 ~228      0     0      1.01 sec  T/O =  0  PRV =  0
SBY 23:52:57 [fifo] engine_0: 28 : ... 9 7 8 7 16 10 29 38 16 11 12 9 8 11 17 21 18 11 9 1100 ~228      0     0      1.02 sec  T/O =  0  PRV =  0
SBY 23:52:57 [fifo] engine_0: 29 : ... 8 7 16 10 29 38 16 11 12 9 8 11 17 21 18 11 9 36 1064 ~228       0     0      1.03 sec  T/O =  0  PRV =  0
SBY 23:52:57 [fifo] engine_0: 30 : ... 7 16 10 29 38 16 11 12 9 8 11 17 21 18 11 9 36 54 1010 ~228      0     0      1.04 sec  T/O =  0  PRV =  0
SBY 23:52:57 [fifo] engine_0: 31 : ... 10 29 38 16 11 12 9 8 11 17 21 18 11 9 36 54 143 875 ~228        4    17      1.06 sec  T/O =  0  PRV =  0
SBY 23:52:57 [fifo] engine_0: 32 : ... 29 38 16 11 12 9 8 11 17 21 18 11 9 36 57 164 119 791 ~227      25    34      1.32 sec  T/O =  0  PRV =  0
SBY 23:52:57 [fifo] engine_0: 32 : ... 29 38 16 11 12 9 8 11 17 21 18 11 9 36 58 171 155 808 ~227      45    40      1.35 sec  T/O =  0  PRV =  0
SBY 23:52:57 [fifo] engine_0: 32 : ... 29 38 16 11 12 9 8 11 17 21 18 11 9 36 58 172 164 869 ~227      45    40      1.39 sec  T/O =  0  PRV =  0
SBY 23:52:57 [fifo] engine_0: 32 : ... 29 38 16 11 12 9 8 11 17 21 18 11 9 36 62 181 190 896 ~227      15    40      1.42 sec  T/O =  0  PRV =  0
SBY 23:52:57 [fifo] engine_0: 32 : ... 29 38 16 11 12 9 8 11 17 21 18 11 9 36 62 181 213 941 ~227      17    41      1.45 sec  T/O =  0  PRV =  0
SBY 23:52:57 [fifo] engine_0: 32 : ... 29 38 16 11 12 9 8 11 17 21 18 11 9 36 62 181 213 942 ~227       0    41      1.45 sec  T/O =  0  PRV =  0
SBY 23:52:58 [fifo] engine_0: 33 : ... 38 16 11 12 9 8 11 17 21 18 11 9 36 28 149 60 201 898 ~227       8    42      1.71 sec  T/O =  0  PRV =  0
SBY 23:52:58 [fifo] engine_0: 34 : ... 16 11 12 9 8 11 17 22 19 11 9 36 28 146 31 150 178 834 ~227     14    51      2.01 sec  T/O =  0  PRV =  0
SBY 23:52:58 [fifo] engine_0: 34 : ... 11 12 9 8 11 18 31 34 25 23 42 28 146 31 150 178 835 ~227       42    51      2.05 sec  T/O =  0  PRV =  0
SBY 23:52:58 [fifo] engine_0: 34 : ... 11 12 9 8 11 18 31 34 27 39 67 48 146 31 150 181 840 ~227       46    51      2.10 sec  T/O =  0  PRV =  0
SBY 23:52:58 [fifo] engine_0: 34 : ... 11 12 9 8 11 18 31 34 27 41 73 62 174 46 151 183 852 ~227       48    51      2.15 sec  T/O =  0  PRV =  0
SBY 23:52:58 [fifo] engine_0: 34 : ... 11 12 9 8 11 18 31 34 27 42 76 72 186 64 163 185 858 ~227       51    51      2.19 sec  T/O =  0  PRV =  0
SBY 23:52:58 [fifo] engine_0: 34 : ... 11 12 9 8 11 18 31 34 27 42 76 72 186 68 195 213 867 ~227       63    51      2.23 sec  T/O =  0  PRV =  0
SBY 23:52:58 [fifo] engine_0: 34 : ... 11 12 9 8 11 18 31 34 27 42 76 72 186 68 198 248 902 ~227       63    52      2.27 sec  T/O =  0  PRV =  0
SBY 23:52:58 [fifo] engine_0: 34 : ... 11 12 9 8 11 18 31 34 27 42 76 72 187 71 204 263 954 ~227       37    52      2.31 sec  T/O =  0  PRV =  0
SBY 23:52:58 [fifo] engine_0: 34 : ... 11 12 9 8 11 18 31 34 27 42 76 72 187 72 213 276 980 ~227       15    52      2.33 sec  T/O =  0  PRV =  0
SBY 23:52:59 [fifo] engine_0: 35 : ... 12 9 8 11 18 19 24 15 42 61 55 181 30 100 125 152 1053 ~234     22    52      2.65 sec  T/O =  0  PRV =  0
SBY 23:52:59 [fifo] engine_0: 35 : ... 12 9 8 11 18 19 24 15 42 61 55 181 30 100 134 176 1087 ~234     31    53      2.68 sec  T/O =  0  PRV =  0
SBY 23:52:59 [fifo] engine_0: 35 : ... 12 9 8 11 18 19 24 15 42 61 55 181 30 100 136 186 1117 ~234     21    53      2.70 sec  T/O =  0  PRV =  0
SBY 23:52:59 [fifo] engine_0: 36 : ... 9 8 11 18 19 24 15 41 75 71 190 26 90 105 124 210 965 ~234      32    53      3.02 sec  T/O =  0  PRV =  0
SBY 23:52:59 [fifo] engine_0: 36 : ... 9 8 11 18 19 24 15 41 75 73 200 41 105 122 127 215 969 ~234     35    53      3.07 sec  T/O =  0  PRV =  0
SBY 23:52:59 [fifo] engine_0: 36 : ... 9 8 11 18 19 24 19 43 77 77 206 50 117 131 135 220 973 ~234     63    53      3.11 sec  T/O =  0  PRV =  0
SBY 23:52:59 [fifo] engine_0: 36 : ... 9 8 11 18 19 24 19 43 77 77 206 50 117 143 170 246 974 ~234     78    53      3.16 sec  T/O =  0  PRV =  0
SBY 23:52:59 [fifo] engine_0: 36 : ... 9 8 11 18 19 24 19 43 77 77 206 50 117 150 185 278 988 ~234     96    53      3.20 sec  T/O =  0  PRV =  0
SBY 23:52:59 [fifo] engine_0: 36 : ... 8 11 18 19 24 19 43 77 77 206 50 117 150 186 294 1056 ~234      97    53      3.25 sec  T/O =  0  PRV =  0
SBY 23:52:59 [fifo] engine_0: 36 : ... 8 11 18 19 24 19 43 77 77 206 50 117 150 188 296 1084 ~234      10    53      3.27 sec  T/O =  0  PRV =  0
SBY 23:53:00 [fifo] engine_0: 37 : ... 12 18 16 26 18 42 70 61 193 23 88 51 104 156 199 1105 ~239      25    53      3.64 sec  T/O =  0  PRV =  0
SBY 23:53:00 [fifo] engine_0: 37 : ... 12 18 16 26 18 42 70 61 193 23 88 51 106 168 230 1127 ~239      42    53      3.68 sec  T/O =  0  PRV =  0
SBY 23:53:00 [fifo] engine_0: 37 : ... 12 18 16 26 18 42 70 61 193 23 88 54 114 173 246 1160 ~239      34    53      3.72 sec  T/O =  0  PRV =  0
SBY 23:53:00 [fifo] engine_0: 37 : ... 12 18 16 26 18 42 70 61 193 23 88 54 116 183 267 1190 ~239      32    53      3.75 sec  T/O =  0  PRV =  0
SBY 23:53:00 [fifo] engine_0: 37 : ... 12 18 16 26 18 42 70 61 193 23 88 54 116 183 270 1207 ~239       8    53      3.76 sec  T/O =  0  PRV =  0
SBY 23:53:00 [fifo] engine_0: 38 : ... 18 16 26 18 42 71 64 197 19 80 27 84 61 151 189 1186 ~238       28    53      4.11 sec  T/O =  0  PRV =  0
SBY 23:53:00 [fifo] engine_0: 38 : ... 18 16 26 18 42 77 68 209 24 86 28 87 63 151 190 1193 ~238       51    53      4.13 sec  T/O =  0  PRV =  0
SBY 23:53:00 [fifo] engine_0: 38 : ... 18 16 26 18 42 77 68 209 24 86 31 93 74 175 214 1196 ~238       42    53      4.17 sec  T/O =  0  PRV =  0
SBY 23:53:00 [fifo] engine_0: 38 : ... 18 16 26 18 42 77 68 209 24 86 31 93 74 176 219 1239 ~238       38    53      4.19 sec  T/O =  0  PRV =  0
SBY 23:53:00 [fifo] engine_0: 39 : ... 16 26 18 39 74 71 205 17 75 22 77 53 142 188 225 1085 ~239      27    53      4.55 sec  T/O =  0  PRV =  0
SBY 23:53:00 [fifo] engine_0: 39 : ... 16 26 18 39 74 71 205 17 75 22 77 53 142 197 246 1121 ~239      24    53      4.58 sec  T/O =  0  PRV =  0
SBY 23:53:01 [fifo] engine_0: 39 : ... 16 26 18 39 74 71 205 17 75 22 77 53 142 212 264 1151 ~239      20    53      4.62 sec  T/O =  0  PRV =  0
SBY 23:53:01 [fifo] engine_0: 39 : ... 16 26 18 39 74 71 205 17 75 22 77 53 142 212 268 1172 ~239      16    53      4.64 sec  T/O =  0  PRV =  0
SBY 23:53:01 [fifo] engine_0: 40 : ... 26 18 39 70 61 199 23 74 20 77 37 83 62 143 307 1079 ~244        6    53      4.98 sec  T/O =  0  PRV =  0
SBY 23:53:01 [fifo] engine_0: 40 : ... 26 18 39 70 61 199 23 74 20 77 37 83 62 143 307 1079 ~244        6    53      4.98 sec  T/O =  0  PRV =  0
SBY 23:53:01 [fifo] engine_0: 40 : ... 26 18 39 70 61 199 23 74 20 77 37 83 62 144 307 1079 ~244        6    53      4.99 sec  T/O =  0  PRV =  0
SBY 23:53:01 [fifo] engine_0: 40 : ... 26 18 39 70 61 199 23 74 20 77 37 84 66 159 320 1112 ~244       12    54      5.02 sec  T/O =  0  PRV =  0
SBY 23:53:01 [fifo] engine_0: 41 : ... 18 39 70 61 199 23 73 20 76 31 68 56 136 146 183 1152 ~242      17    54      5.33 sec  T/O =  0  PRV =  0
SBY 23:53:02 [fifo] engine_0: 42 : ... 39 70 61 199 23 73 20 77 33 69 50 118 95 148 109 1151 ~240      23    54      5.63 sec  T/O =  0  PRV =  0
SBY 23:53:02 [fifo] engine_0: 42 : ... 39 70 61 199 23 73 20 77 33 73 55 129 112 163 110 1163 ~240     42    54      5.67 sec  T/O =  0  PRV =  0
SBY 23:53:02 [fifo] engine_0: 42 : ... 39 70 61 199 23 73 20 79 34 74 59 132 124 189 120 1168 ~240     70    54      5.71 sec  T/O =  0  PRV =  0
SBY 23:53:02 [fifo] engine_0: 42 : ... 39 70 61 199 23 73 20 79 34 74 59 134 127 198 146 1195 ~240     71    54      5.75 sec  T/O =  0  PRV =  0
SBY 23:53:02 [fifo] engine_0: 42 : ... 39 70 61 199 23 73 20 79 34 74 59 134 130 208 152 1234 ~240     41    54      5.78 sec  T/O =  0  PRV =  0
SBY 23:53:02 [fifo] engine_0: 42 : ... 39 70 61 199 23 73 20 79 34 74 59 134 130 208 155 1235 ~240     14    54      5.78 sec  T/O =  0  PRV =  0
SBY 23:53:02 [fifo] engine_0: Timing out on output 0 in frame 42 (retrying in next anytime pass).
SBY 23:53:02 [fifo] engine_0: 42 : ... 39 70 61 199 23 73 20 79 34 74 59 134 130 208 155 1235 ~240      0    54      5.78 sec  T/O =  1  PRV =  0
SBY 23:53:02 [fifo] engine_0: 43 : ... 39 71 61 199 23 73 20 76 22 64 16 85 37 45 52 73 1429 ~240       0    54      6.11 sec  T/O =  1  PRV =  0
SBY 23:53:02 [fifo] engine_0: 44 : ... 71 61 199 23 73 20 75 22 64 16 83 37 41 48 73 124 1305 ~240      0    54      6.17 sec  T/O =  1  PRV =  0
SBY 23:53:02 [fifo] engine_0: 45 : ... 61 199 23 73 20 75 22 64 16 83 37 41 48 73 124 336 969 ~240      0    54      6.25 sec  T/O =  1  PRV =  0
SBY 23:53:02 [fifo] engine_0: 46 : ... 23 73 20 75 22 64 16 83 37 41 48 73 124 336 259 710 ~240         0    54      6.34 sec  T/O =  1  PRV =  0
SBY 23:53:02 [fifo] engine_0: 47 : ... 23 73 20 75 22 64 16 83 37 41 48 73 124 336 259 54 654 ~240      0    54      6.42 sec  T/O =  1  PRV =  0
SBY 23:53:02 [fifo] engine_0: 48 : ... 73 20 75 22 64 16 83 37 41 48 73 124 336 259 54 66 588 ~240      0    54      6.50 sec  T/O =  1  PRV =  0
SBY 23:53:02 [fifo] engine_0: 49 : ... 20 75 22 64 16 83 37 41 48 73 124 336 259 54 66 41 547 ~240      0    54      6.57 sec  T/O =  1  PRV =  0
SBY 23:53:03 [fifo] engine_0: 50 : ... 75 22 64 16 83 37 41 48 73 124 336 259 54 66 41 21 526 ~240      0    54      6.65 sec  T/O =  1  PRV =  0
SBY 23:53:03 [fifo] engine_0: 51 : ... 22 64 16 83 37 41 48 73 124 336 259 54 66 41 21 27 499 ~240      0    54      6.72 sec  T/O =  1  PRV =  0
SBY 23:53:03 [fifo] engine_0: 52 : ... 64 16 83 37 41 48 73 124 336 259 54 66 41 21 27 15 484 ~240      0    54      6.80 sec  T/O =  1  PRV =  0
SBY 23:53:03 [fifo] engine_0: 53 : ... 16 83 37 41 48 73 124 336 259 54 66 41 21 27 15 7 477 ~240       0    54      6.88 sec  T/O =  1  PRV =  0
SBY 23:53:03 [fifo] engine_0: 54 : ... 83 37 41 48 73 124 336 259 54 66 41 21 27 15 7 13 464 ~240       0    54      6.96 sec  T/O =  1  PRV =  0
SBY 23:53:03 [fifo] engine_0: 55 : ... 37 41 48 73 124 336 259 54 66 41 21 27 15 7 13 17 447 ~240       0    54      7.05 sec  T/O =  1  PRV =  0
SBY 23:53:03 [fifo] engine_0: 56 : ... 41 48 73 124 336 259 54 66 41 21 27 15 7 13 17 91 356 ~240       0    54      7.14 sec  T/O =  1  PRV =  0
SBY 23:53:03 [fifo] engine_0: 57 : ... 48 73 124 336 259 54 66 41 21 28 17 9 17 25 101 341 53 ~240     17    67      7.28 sec  T/O =  1  PRV =  0
SBY 23:53:03 [fifo] engine_0: 57 : ... 48 73 124 336 259 54 66 41 21 28 17 9 17 25 102 346 74 ~240     14    68      7.30 sec  T/O =  1  PRV =  0
SBY 23:53:03 [fifo] engine_0: 58 : ... 48 73 124 336 259 54 66 41 21 21 18 4 6 6 7 8 19 402 ~240        2    68      7.43 sec  T/O =  1  PRV =  0
SBY 23:53:03 [fifo] engine_0: 59 : ... 73 124 336 259 54 66 41 21 21 18 4 6 6 8 13 26 153 279 ~240     15    68      7.58 sec  T/O =  1  PRV =  0
SBY 23:53:04 [fifo] engine_0: 60 : ... 128 344 263 57 68 41 21 21 20 6 6 6 7 10 4 139 313 0 ~240       39    70      7.71 sec  T/O =  1  PRV =  0
SBY 23:53:04 [fifo] engine_0: 60 : ... 137 368 280 57 68 41 21 21 20 6 6 6 7 10 4 139 313 0 ~240       64    70      7.75 sec  T/O =  1  PRV =  0
SBY 23:53:04 [fifo] engine_0: 60 : ... 137 371 314 88 68 41 21 21 20 6 6 6 7 10 4 139 313 1 ~240       84    71      7.79 sec  T/O =  1  PRV =  0
SBY 23:53:04 [fifo] engine_0: 60 : ... 137 374 340 122 70 41 21 21 20 6 6 6 7 10 4 139 313 3 ~240     109    72      7.84 sec  T/O =  1  PRV =  0
SBY 23:53:04 [fifo] engine_0: 60 : ... 137 374 346 156 94 43 21 21 20 6 6 6 7 10 4 139 313 4 ~240     131    72      7.87 sec  T/O =  1  PRV =  0
SBY 23:53:04 [fifo] engine_0: 60 : ... 137 374 352 181 124 44 21 21 20 6 6 6 7 10 4 139 313 7 ~240    157    72      7.90 sec  T/O =  1  PRV =  0
SBY 23:53:04 [fifo] engine_0: 60 : ... 374 356 209 158 45 21 21 20 6 6 6 7 10 4 139 313 10 ~240       180    74      7.94 sec  T/O =  1  PRV =  0
SBY 23:53:04 [fifo] engine_0: 60 : ... 374 358 218 200 54 21 21 20 6 6 6 7 10 4 139 313 12 ~240       183    74      7.99 sec  T/O =  1  PRV =  0
SBY 23:53:04 [fifo] engine_0: 60 : ... 374 360 226 217 95 22 22 20 6 6 6 7 10 4 139 313 13 ~240       190    75      8.03 sec  T/O =  1  PRV =  0
SBY 23:53:04 [fifo] engine_0: 60 : ... 378 370 250 225 105 24 22 20 6 6 6 7 10 4 139 313 16 ~240      222    77      8.07 sec  T/O =  1  PRV =  0
SBY 23:53:04 [fifo] engine_0: 60 : ... 382 379 272 245 110 26 22 20 6 6 6 7 10 4 139 313 21 ~240      242    77      8.12 sec  T/O =  1  PRV =  0
SBY 23:53:04 [fifo] engine_0: 60 : ... 387 386 301 266 113 26 22 20 6 6 6 7 10 4 139 313 21 ~240      271    77      8.17 sec  T/O =  1  PRV =  0
SBY 23:53:04 [fifo] engine_0: 60 : ... 387 386 313 293 138 26 22 20 6 6 6 7 10 4 139 313 24 ~240      287    77      8.21 sec  T/O =  1  PRV =  0
SBY 23:53:04 [fifo] engine_0: 60 : ... 387 386 315 305 176 30 22 20 6 6 6 7 10 4 139 313 28 ~240      290    77      8.25 sec  T/O =  1  PRV =  0
SBY 23:53:04 [fifo] engine_0: 60 : ... 387 387 328 323 211 31 22 20 6 6 6 7 10 4 139 313 28 ~240      297    77      8.29 sec  T/O =  1  PRV =  0
SBY 23:53:04 [fifo] engine_0: 60 : ... 387 387 330 328 254 35 22 20 6 6 6 7 10 4 139 313 28 ~240      302    77      8.32 sec  T/O =  1  PRV =  0
SBY 23:53:04 [fifo] engine_0: 60 : ... 390 395 340 338 264 43 22 20 6 6 6 7 10 4 139 313 28 ~240      273    77      8.34 sec  T/O =  1  PRV =  0
SBY 23:53:04 [fifo] engine_0: 60 : ... 390 395 340 342 279 96 25 20 6 6 6 7 10 4 139 313 28 ~240      275    77      8.39 sec  T/O =  1  PRV =  0
SBY 23:53:04 [fifo] engine_0: 60 : ... 390 395 340 345 285 144 28 20 6 6 6 7 10 4 139 313 33 ~240     275    77      8.43 sec  T/O =  1  PRV =  0
SBY 23:53:04 [fifo] engine_0: 60 : ... 390 395 340 345 292 173 37 20 6 6 6 7 10 4 139 313 37 ~240     261    77      8.47 sec  T/O =  1  PRV =  0
SBY 23:53:04 [fifo] engine_0: 60 : ... 390 395 340 345 294 196 68 20 6 6 6 7 10 4 139 313 38 ~240     216    77      8.51 sec  T/O =  1  PRV =  0
SBY 23:53:04 [fifo] engine_0: 60 : ... 390 395 340 345 294 205 133 24 6 6 6 7 10 4 139 313 42 ~240    220    77      8.56 sec  T/O =  1  PRV =  0
SBY 23:53:05 [fifo] engine_0: 60 : ... 390 397 342 346 294 211 179 30 6 6 6 7 10 4 139 313 42 ~240    226    77      8.61 sec  T/O =  1  PRV =  0
SBY 23:53:05 [fifo] engine_0: 60 : ... 390 398 353 350 305 224 202 33 6 6 6 7 10 4 139 313 42 ~240    229    77      8.64 sec  T/O =  1  PRV =  0
SBY 23:53:05 [fifo] engine_0: 60 : ... 392 400 359 354 311 230 209 46 8 6 6 7 10 4 139 313 42 ~240    235    77      8.67 sec  T/O =  1  PRV =  0
SBY 23:53:05 [fifo] engine_0: 60 : ... 400 359 354 311 232 215 116 11 6 6 7 10 4 139 313 42 ~240      229    77      8.72 sec  T/O =  1  PRV =  0
SBY 23:53:05 [fifo] engine_0: 60 : ... 400 359 354 311 232 219 174 20 6 6 7 10 4 139 313 42 ~240      232    77      8.77 sec  T/O =  1  PRV =  0
SBY 23:53:05 [fifo] engine_0: 60 : ... 400 359 354 311 232 219 196 54 7 6 7 10 4 139 313 43 ~240      222    77      8.80 sec  T/O =  1  PRV =  0
SBY 23:53:05 [fifo] engine_0: 60 : ... 400 359 354 311 232 219 210 112 8 6 7 10 4 139 313 44 ~240     234    77      8.84 sec  T/O =  1  PRV =  0
SBY 23:53:05 [fifo] engine_0: 60 : ... 400 362 366 321 241 221 221 122 10 6 7 10 4 139 313 45 ~240    270    77      8.89 sec  T/O =  1  PRV =  0
SBY 23:53:05 [fifo] engine_0: 60 : ... 420 366 373 326 241 222 222 122 10 6 7 10 4 139 313 46 ~240    302    77      8.93 sec  T/O =  1  PRV =  0
SBY 23:53:05 [fifo] engine_0: 60 : ... 425 394 391 337 241 222 222 122 10 6 7 10 4 139 313 46 ~240    315    78      8.97 sec  T/O =  1  PRV =  0
SBY 23:53:05 [fifo] engine_0: 60 : ... 429 403 405 370 243 222 222 122 10 6 7 10 4 139 313 49 ~240    334    78      9.02 sec  T/O =  1  PRV =  0
SBY 23:53:05 [fifo] engine_0: 60 : ... 429 403 405 381 284 234 222 122 10 6 7 10 4 139 314 53 ~240    329    78      9.06 sec  T/O =  1  PRV =  0
SBY 23:53:05 [fifo] engine_0: 60 : ... 429 405 411 394 300 260 226 122 10 6 7 10 4 139 314 55 ~240    342    78      9.11 sec  T/O =  1  PRV =  0
SBY 23:53:05 [fifo] engine_0: 60 : ... 429 405 413 398 311 289 242 123 10 6 7 10 4 139 314 57 ~240    358    78      9.16 sec  T/O =  1  PRV =  0
SBY 23:53:05 [fifo] engine_0: 60 : ... 429 405 413 398 319 305 286 126 10 6 7 10 4 139 314 57 ~240    365    78      9.20 sec  T/O =  1  PRV =  0
SBY 23:53:05 [fifo] engine_0: 60 : ... 429 405 413 398 319 306 286 126 10 6 7 10 4 139 314 57 ~240    351    78      9.21 sec  T/O =  1  PRV =  0
SBY 23:53:05 [fifo] engine_0: Timing out on output 1 in frame 60 (retrying in next anytime pass).
SBY 23:53:05 [fifo] engine_0: 60 : ... 429 405 413 398 319 306 286 126 10 6 7 10 4 139 314 57 ~240      0    78      9.21 sec  T/O =  2  PRV =  0
SBY 23:53:06 [fifo] engine_0: 61 : ... 33 110 55 178 53 165 129 145 88 50 17 9 206 370 443 ~277         0    78      9.86 sec  T/O =  2  PRV =  0
SBY 23:53:08 [fifo] engine_0: All outputs solved or timed out in frame 61.
SBY 23:53:08 [fifo] engine_0: Starting new anytime pass, reusing clauses.
SBY 23:53:08 [fifo] engine_0: Frame Clauses                                                     Max Queue Flops Time
SBY 23:53:08 [fifo] engine_0: 1 : 0 1276 ~265                                                          0     0      1.97 sec  T/O =  0  PRV =  0
SBY 23:53:08 [fifo] engine_0: 2 : 0 3 1273 ~265                                                        0     0      1.97 sec  T/O =  0  PRV =  0
SBY 23:53:08 [fifo] engine_0: 3 : 0 3 5 1268 ~265                                                      0     0      1.98 sec  T/O =  0  PRV =  0
SBY 23:53:08 [fifo] engine_0: 4 : 0 3 5 5 1263 ~265                                                    0     0      1.98 sec  T/O =  0  PRV =  0
SBY 23:53:08 [fifo] engine_0: 5 : 0 3 5 5 2 1261 ~265                                                  0     0      1.99 sec  T/O =  0  PRV =  0
SBY 23:53:08 [fifo] engine_0: 6 : 0 3 5 5 2 4 1257 ~265                                                0     0      1.99 sec  T/O =  0  PRV =  0
SBY 23:53:08 [fifo] engine_0: 7 : 0 3 5 5 2 4 4 1253 ~265                                              0     0      2.00 sec  T/O =  0  PRV =  0
SBY 23:53:08 [fifo] engine_0: 8 : 0 3 5 5 2 4 4 7 1246 ~265                                            0     0      2.00 sec  T/O =  0  PRV =  0
SBY 23:53:08 [fifo] engine_0: 9 : 0 3 5 5 2 4 4 7 3 1243 ~265                                          0     0      2.01 sec  T/O =  0  PRV =  0
SBY 23:53:08 [fifo] engine_0: 10 : 0 3 5 5 2 4 4 7 3 8 1235 ~265                                        0     0      2.01 sec  T/O =  0  PRV =  0
SBY 23:53:08 [fifo] engine_0: 11 : 0 3 5 5 2 4 4 7 3 8 6 1229 ~265                                      0     0      2.02 sec  T/O =  0  PRV =  0
SBY 23:53:08 [fifo] engine_0: 12 : 0 3 5 5 2 4 4 7 3 8 6 7 1222 ~265                                    0     0      2.02 sec  T/O =  0  PRV =  0
SBY 23:53:08 [fifo] engine_0: 13 : 0 3 5 5 2 4 4 7 3 8 6 7 7 1215 ~265                                  0     0      2.03 sec  T/O =  0  PRV =  0
SBY 23:53:08 [fifo] engine_0: 14 : 0 3 5 5 2 4 4 7 3 8 6 7 7 14 1201 ~265                               0     0      2.03 sec  T/O =  0  PRV =  0
SBY 23:53:08 [fifo] engine_0: 15 : 0 3 5 5 2 4 4 7 3 8 6 7 7 14 7 1194 ~265                             0     0      2.04 sec  T/O =  0  PRV =  0
SBY 23:53:08 [fifo] engine_0: 16 : 0 3 5 5 2 4 4 7 3 8 6 7 7 14 7 23 1171 ~265                          0     0      2.04 sec  T/O =  0  PRV =  0
SBY 23:53:08 [fifo] engine_0: 17 : 0 3 5 5 2 4 4 7 3 8 6 7 7 14 7 23 29 1142 ~265                       0     0      2.05 sec  T/O =  0  PRV =  0
SBY 23:53:08 [fifo] engine_0: 18 : 0 3 5 5 2 4 4 7 3 8 6 7 7 14 7 23 29 11 1131 ~265                    0     0      2.06 sec  T/O =  0  PRV =  0
SBY 23:53:08 [fifo] engine_0: 19 : 0 3 5 5 2 4 4 7 3 8 6 7 7 14 7 23 29 11 7 1124 ~265                  0     0      2.07 sec  T/O =  0  PRV =  0
SBY 23:53:08 [fifo] engine_0: 20 : 0 3 5 5 2 4 4 7 3 8 6 7 7 14 7 23 29 11 7 10 1114 ~265               0     0      2.07 sec  T/O =  0  PRV =  0
SBY 23:53:08 [fifo] engine_0: 21 : 0 3 5 5 2 4 4 7 3 8 6 7 7 14 7 23 29 11 7 10 10 1104 ~265            0     0      2.08 sec  T/O =  0  PRV =  0
SBY 23:53:08 [fifo] engine_0: 22 : 0 3 5 5 2 4 4 7 3 8 6 7 7 14 7 23 29 11 7 10 10 5 1099 ~265          0     0      2.09 sec  T/O =  0  PRV =  0
SBY 23:53:08 [fifo] engine_0: 23 : ... 3 5 5 2 4 4 7 3 8 6 7 7 14 7 23 29 11 7 10 10 5 5 1094 ~265      0     0      2.10 sec  T/O =  0  PRV =  0
SBY 23:53:08 [fifo] engine_0: 24 : ... 5 5 2 4 4 7 3 8 6 7 7 14 7 23 29 11 7 10 10 5 5 9 1085 ~265      0     0      2.11 sec  T/O =  0  PRV =  0
SBY 23:53:08 [fifo] engine_0: 25 : ... 2 4 4 7 3 8 6 7 7 14 7 23 29 11 7 10 10 5 5 9 18 1067 ~265       0     0      2.11 sec  T/O =  0  PRV =  0
SBY 23:53:08 [fifo] engine_0: 26 : ... 4 4 7 3 8 6 7 7 14 7 23 29 11 7 10 10 5 5 9 18 9 1058 ~265       0     0      2.12 sec  T/O =  0  PRV =  0
SBY 23:53:08 [fifo] engine_0: 27 : ... 4 7 3 8 6 7 7 14 7 23 29 11 7 10 10 5 5 9 18 9 5 1053 ~265       0     0      2.13 sec  T/O =  0  PRV =  0
SBY 23:53:08 [fifo] engine_0: 28 : ... 7 3 8 6 7 7 14 7 23 29 11 7 10 10 5 5 9 18 9 5 5 1048 ~265       0     0      2.14 sec  T/O =  0  PRV =  0
SBY 23:53:08 [fifo] engine_0: 29 : ... 3 8 6 7 7 14 7 23 29 11 7 10 10 5 5 9 18 9 5 5 17 1031 ~265      0     0      2.15 sec  T/O =  0  PRV =  0
SBY 23:53:08 [fifo] engine_0: 30 : ... 6 7 7 14 7 23 29 11 7 10 10 5 5 9 18 9 5 5 17 19 1012 ~265       0     0      2.16 sec  T/O =  0  PRV =  0
SBY 23:53:08 [fifo] engine_0: 31 : ... 7 7 14 7 23 29 11 7 10 10 5 5 9 18 9 5 5 17 19 14 998 ~265       0     0      2.16 sec  T/O =  0  PRV =  0
SBY 23:53:08 [fifo] engine_0: 32 : ... 7 14 7 23 29 11 7 10 10 5 5 9 18 9 5 5 17 19 14 17 981 ~265      0     0      2.17 sec  T/O =  0  PRV =  0
SBY 23:53:08 [fifo] engine_0: 33 : ... 14 7 23 29 11 7 10 10 5 5 9 18 9 5 5 17 19 14 17 7 974 ~265      0     0      2.18 sec  T/O =  0  PRV =  0
SBY 23:53:08 [fifo] engine_0: 34 : ... 7 23 29 11 7 10 10 5 5 9 18 9 5 5 17 19 14 17 7 7 967 ~265       0     0      2.19 sec  T/O =  0  PRV =  0
SBY 23:53:08 [fifo] engine_0: 35 : ... 23 29 11 7 10 10 5 5 9 18 9 5 5 17 19 14 17 7 7 4 963 ~265       0     0      2.20 sec  T/O =  0  PRV =  0
SBY 23:53:08 [fifo] engine_0: 36 : ... 29 11 7 10 10 5 5 9 18 9 5 5 17 19 14 17 7 7 4 11 952 ~265       0     0      2.21 sec  T/O =  0  PRV =  0
SBY 23:53:08 [fifo] engine_0: 37 : ... 11 7 10 10 5 5 9 18 9 5 5 17 19 14 17 7 7 4 11 7 945 ~265        0     0      2.22 sec  T/O =  0  PRV =  0
SBY 23:53:08 [fifo] engine_0: 38 : ... 7 10 10 5 5 9 18 9 5 5 17 19 14 17 7 7 4 11 7 11 934 ~265        0     0      2.23 sec  T/O =  0  PRV =  0
SBY 23:53:08 [fifo] engine_0: 39 : ... 7 10 10 5 5 9 18 9 5 5 17 19 14 17 7 7 4 11 7 11 9 925 ~265      0     0      2.24 sec  T/O =  0  PRV =  0
SBY 23:53:08 [fifo] engine_0: 40 : ... 10 5 5 9 18 9 5 5 17 19 14 17 7 7 4 11 7 11 9 20 905 ~265        0     0      2.26 sec  T/O =  0  PRV =  0
SBY 23:53:08 [fifo] engine_0: 41 : ... 5 5 9 18 9 5 5 17 19 14 17 7 7 4 11 7 11 9 20 13 892 ~265        0     0      2.27 sec  T/O =  0  PRV =  0
SBY 23:53:08 [fifo] engine_0: 42 : ... 9 18 9 5 5 17 19 14 17 7 7 4 11 10 13 19 30 22 17 899 ~265      14    38      2.31 sec  T/O =  0  PRV =  0
SBY 23:53:08 [fifo] engine_0: 42 : ... 9 18 9 5 5 17 19 14 17 7 7 4 11 10 13 19 30 28 22 918 ~265      18    39      2.32 sec  T/O =  0  PRV =  0
SBY 23:53:08 [fifo] engine_0: 43 : ... 18 9 5 5 17 19 14 17 7 7 4 11 10 12 16 22 19 12 14 914 ~260      2    39      2.64 sec  T/O =  0  PRV =  0
SBY 23:53:09 [fifo] engine_0: 44 : ... 9 5 5 17 19 14 17 7 7 4 11 10 12 18 22 20 15 16 17 918 ~260      9    39      2.95 sec  T/O =  0  PRV =  0
SBY 23:53:09 [fifo] engine_0: 45 : ... 5 5 17 19 14 17 7 7 4 11 10 12 17 22 19 11 11 9 16 908 ~260      0    39      3.24 sec  T/O =  0  PRV =  0
SBY 23:53:09 [fifo] engine_0: 46 : ... 17 19 14 17 7 7 4 11 11 12 17 22 19 11 14 15 23 25 915 ~260     22    42      3.29 sec  T/O =  0  PRV =  0
SBY 23:53:09 [fifo] engine_0: 46 : ... 17 19 14 17 7 7 4 11 11 12 17 22 19 11 14 15 23 26 923 ~260      5    42      3.29 sec  T/O =  0  PRV =  0
SBY 23:53:09 [fifo] engine_0: 47 : ... 5 17 19 14 13 4 5 3 8 7 10 14 21 16 9 8 8 17 8 89 880 ~260       9    43      3.56 sec  T/O =  0  PRV =  0
SBY 23:53:10 [fifo] engine_0: 48 : ... 17 19 14 13 4 5 3 8 7 10 14 21 16 9 8 8 16 6 78 62 878 ~260     11    44      3.83 sec  T/O =  0  PRV =  0
SBY 23:53:10 [fifo] engine_0: 48 : ... 17 19 14 13 4 5 3 8 7 10 14 21 16 9 8 8 16 6 78 68 900 ~260     14    44      3.85 sec  T/O =  0  PRV =  0
SBY 23:53:10 [fifo] engine_0: 49 : ... 19 14 13 4 5 3 8 7 10 14 21 16 9 8 8 16 6 77 26 35 877 ~260      0    44      4.09 sec  T/O =  0  PRV =  0
SBY 23:53:10 [fifo] engine_0: 50 : ... 14 13 4 5 3 8 7 10 14 21 16 9 8 8 19 8 86 34 48 37 861 ~260     19    46      4.15 sec  T/O =  0  PRV =  0
SBY 23:53:10 [fifo] engine_0: 50 : ... 14 13 4 5 3 8 7 10 14 21 16 9 8 8 19 8 86 38 57 67 879 ~260     31    48      4.19 sec  T/O =  0  PRV =  0
SBY 23:53:10 [fifo] engine_0: 50 : ... 14 13 4 5 3 8 7 10 14 21 16 9 8 8 19 8 86 42 60 74 911 ~260     31    50      4.21 sec  T/O =  0  PRV =  0
SBY 23:53:10 [fifo] engine_0: 51 : ... 13 4 5 3 8 7 10 14 21 16 9 8 8 19 6 84 23 42 36 76 894 ~262      8    50      4.49 sec  T/O =  0  PRV =  0
SBY 23:53:10 [fifo] engine_0: 52 : ... 4 5 3 8 7 10 14 21 16 9 8 8 19 6 84 23 38 23 55 68 846 ~260      1    50      4.67 sec  T/O =  0  PRV =  0
SBY 23:53:11 [fifo] engine_0: 53 : ... 3 8 7 10 14 21 16 9 8 8 19 6 84 23 38 23 54 78 90 795 ~260      15    50      4.87 sec  T/O =  0  PRV =  0
SBY 23:53:11 [fifo] engine_0: 53 : ... 3 8 7 10 14 21 16 9 8 8 19 6 84 23 38 23 54 82 113 835 ~260     23    51      4.90 sec  T/O =  0  PRV =  0
SBY 23:53:11 [fifo] engine_0: 53 : ... 8 7 10 14 21 16 9 8 8 19 6 84 23 39 29 67 100 133 847 ~260      25    51      4.93 sec  T/O =  0  PRV =  0
SBY 23:53:11 [fifo] engine_0: 53 : ... 8 7 10 14 21 16 9 8 8 19 6 84 23 39 30 68 105 149 893 ~260      26    52      4.96 sec  T/O =  0  PRV =  0
SBY 23:53:11 [fifo] engine_0: 53 : ... 8 7 10 14 21 16 9 8 8 19 6 84 23 39 30 68 105 149 895 ~260       2    52      4.96 sec  T/O =  0  PRV =  0
SBY 23:53:11 [fifo] engine_0: 54 : ... 8 7 10 14 21 16 9 8 8 19 6 84 23 38 18 41 26 36 83 890 ~260      8    52      5.16 sec  T/O =  0  PRV =  0
SBY 23:53:11 [fifo] engine_0: 55 : ... 10 14 21 16 9 8 8 19 6 84 23 38 17 38 30 39 83 143 797 ~260     16    52      5.36 sec  T/O =  0  PRV =  0
SBY 23:53:11 [fifo] engine_0: 55 : ... 10 14 21 16 9 8 8 19 6 84 23 38 17 38 30 39 86 156 834 ~260     18    53      5.39 sec  T/O =  0  PRV =  0
SBY 23:53:11 [fifo] engine_0: 56 : ... 14 21 16 9 8 8 19 6 84 23 38 17 36 27 34 62 89 149 751 ~260      8    53      5.57 sec  T/O =  0  PRV =  0
SBY 23:53:12 [fifo] engine_0: 57 : ... 16 9 8 8 19 6 84 23 38 17 36 18 25 41 69 148 138 698 ~260       19    53      5.78 sec  T/O =  0  PRV =  0
SBY 23:53:12 [fifo] engine_0: 57 : ... 16 9 8 8 19 6 84 23 38 17 36 18 25 42 76 156 152 734 ~260       19    53      5.81 sec  T/O =  0  PRV =  0
SBY 23:53:12 [fifo] engine_0: 57 : ... 16 9 8 8 19 6 84 23 38 17 36 18 25 42 80 166 181 760 ~260       22    55      5.84 sec  T/O =  0  PRV =  0
SBY 23:53:12 [fifo] engine_0: 57 : ... 16 9 8 8 19 6 84 23 38 17 36 18 25 42 81 176 205 791 ~260       22    55      5.87 sec  T/O =  0  PRV =  0
SBY 23:53:12 [fifo] engine_0: 57 : ... 16 9 8 8 19 6 84 23 38 17 36 18 25 42 88 185 227 822 ~260       31    55      5.92 sec  T/O =  0  PRV =  0
SBY 23:53:12 [fifo] engine_0: 57 : ... 16 9 8 8 19 6 84 23 38 17 36 18 25 42 88 186 231 843 ~260       19    55      5.93 sec  T/O =  0  PRV =  0
SBY 23:53:12 [fifo] engine_0: 58 : ... 16 9 8 8 19 6 84 23 38 17 37 17 26 22 58 68 97 120 827 ~260     23    56      6.14 sec  T/O =  0  PRV =  0
SBY 23:53:12 [fifo] engine_0: 58 : ... 9 8 8 19 6 84 23 38 17 37 17 26 22 58 74 111 145 841 ~260       31    56      6.17 sec  T/O =  0  PRV =  0
SBY 23:53:12 [fifo] engine_0: 58 : ... 9 8 8 19 6 84 23 38 17 37 17 26 22 58 74 111 146 866 ~260        6    56      6.19 sec  T/O =  0  PRV =  0
SBY 23:53:12 [fifo] engine_0: 59 : ... 8 8 19 6 84 23 38 17 37 17 25 15 48 51 62 126 128 822 ~261      14    57      6.40 sec  T/O =  0  PRV =  0
SBY 23:53:12 [fifo] engine_0: 59 : ... 8 8 19 6 84 23 38 17 37 17 25 15 48 51 71 135 146 845 ~261      22    57      6.44 sec  T/O =  0  PRV =  0
SBY 23:53:12 [fifo] engine_0: 59 : ... 8 8 19 6 84 23 38 17 37 17 25 15 48 51 75 141 165 885 ~261      21    58      6.47 sec  T/O =  0  PRV =  0
SBY 23:53:12 [fifo] engine_0: 59 : ... 8 8 19 6 84 23 38 18 39 21 27 17 52 60 85 154 168 900 ~261      18    58      6.51 sec  T/O =  0  PRV =  0
SBY 23:53:12 [fifo] engine_0: 59 : ... 8 8 19 6 84 23 38 18 39 21 27 17 52 60 85 157 179 925 ~261      15    58      6.53 sec  T/O =  0  PRV =  0
SBY 23:53:12 [fifo] engine_0: 60 : ... 8 19 6 84 23 38 18 39 17 26 17 49 44 37 71 63 277 772 ~261       0    58      6.69 sec  T/O =  0  PRV =  0
SBY 23:53:13 [fifo] engine_0: 61 : ... 6 84 23 38 18 39 17 26 17 49 45 37 74 68 267 529 278 ~261       14    64      6.81 sec  T/O =  0  PRV =  0
SBY 23:53:13 [fifo] engine_0: 61 : ... 6 84 23 38 18 39 17 26 17 49 45 37 81 82 282 551 282 ~261       30    64      6.84 sec  T/O =  0  PRV =  0
SBY 23:53:13 [fifo] engine_0: 61 : ... 6 84 23 38 18 39 17 26 17 49 45 37 84 90 302 580 285 ~261       58    64      6.88 sec  T/O =  0  PRV =  0
SBY 23:53:13 [fifo] engine_0: 61 : ... 6 84 23 38 18 39 17 26 17 49 45 37 84 95 308 618 301 ~261       71    64      6.91 sec  T/O =  0  PRV =  0
SBY 23:53:13 [fifo] engine_0: 61 : ... 6 84 23 38 18 39 17 26 17 49 45 37 84 95 309 641 352 ~261       76    67      6.95 sec  T/O =  0  PRV =  0
SBY 23:53:13 [fifo] engine_0: 61 : ... 6 84 23 38 18 39 17 26 17 49 45 37 84 95 311 659 395 ~261       33    67      6.98 sec  T/O =  0  PRV =  0
SBY 23:53:13 [fifo] engine_0: 61 : ... 6 84 23 38 18 39 18 27 21 51 49 43 89 105 324 668 397 ~261      31    67      7.01 sec  T/O =  0  PRV =  0
SBY 23:53:13 [fifo] engine_0: 61 : ... 6 84 23 38 18 39 18 27 21 51 49 43 89 106 327 690 443 ~261      28    68      7.05 sec  T/O =  0  PRV =  0
SBY 23:53:13 [fifo] engine_0: 62 : ... 84 23 38 18 39 17 27 16 49 41 37 25 21 57 308 648 434 ~265      14    68      7.27 sec  T/O =  0  PRV =  0
SBY 23:53:13 [fifo] engine_0: 62 : ... 84 23 38 18 39 17 27 16 49 41 37 25 21 57 308 651 445 ~265       7    68      7.28 sec  T/O =  0  PRV =  0
SBY 23:53:13 [fifo] engine_0: 63 : ... 23 38 18 39 17 27 16 49 41 36 25 21 46 281 629 251 254 ~265     31    68      7.43 sec  T/O =  0  PRV =  0
SBY 23:53:13 [fifo] engine_0: 63 : ... 23 38 18 39 17 27 16 49 41 36 25 21 47 296 652 277 257 ~265     60    68      7.47 sec  T/O =  0  PRV =  0
SBY 23:53:13 [fifo] engine_0: 63 : ... 23 38 18 39 17 27 16 49 41 36 25 21 47 299 662 321 272 ~265     73    68      7.51 sec  T/O =  0  PRV =  0
SBY 23:53:13 [fifo] engine_0: 63 : ... 23 38 18 39 17 27 16 49 41 36 25 21 47 299 673 353 297 ~265     84    69      7.55 sec  T/O =  0  PRV =  0
SBY 23:53:13 [fifo] engine_0: 63 : ... 23 38 18 39 17 27 16 49 41 36 25 21 47 299 677 371 354 ~265     82    69      7.60 sec  T/O =  0  PRV =  0
SBY 23:53:13 [fifo] engine_0: 63 : ... 23 38 18 39 17 27 16 49 41 36 25 21 47 305 684 385 393 ~265     41    69      7.64 sec  T/O =  0  PRV =  0
SBY 23:53:13 [fifo] engine_0: 63 : ... 23 38 18 39 17 27 16 49 41 36 25 21 47 307 695 417 419 ~265     32    70      7.69 sec  T/O =  0  PRV =  0
SBY 23:53:14 [fifo] engine_0: 63 : ... 23 38 18 39 17 27 16 49 41 36 25 21 47 307 696 443 463 ~265     19    70      7.72 sec  T/O =  0  PRV =  0
SBY 23:53:14 [fifo] engine_0: 63 : ... 23 38 18 39 17 27 16 49 41 36 25 21 47 307 696 477 491 ~265     13    71      7.75 sec  T/O =  0  PRV =  0
SBY 23:53:14 [fifo] engine_0: 63 : ... 23 38 18 39 17 27 16 49 41 36 25 21 47 307 696 513 519 ~265     24    72      7.79 sec  T/O =  0  PRV =  0
SBY 23:53:14 [fifo] engine_0: 63 : ... 23 38 18 39 17 27 16 49 41 36 25 21 47 307 696 542 557 ~265     22    72      7.83 sec  T/O =  0  PRV =  0
SBY 23:53:14 [fifo] engine_0: 63 : ... 23 38 18 39 17 27 16 49 41 36 25 21 47 307 698 570 594 ~265     18    72      7.87 sec  T/O =  0  PRV =  0
SBY 23:53:14 [fifo] engine_0: 63 : ... 23 38 18 39 17 27 16 49 41 36 25 21 47 307 709 606 610 ~265     30    72      7.90 sec  T/O =  0  PRV =  0
SBY 23:53:14 [fifo] engine_0: 63 : ... 23 38 18 39 17 27 16 49 41 36 25 21 47 307 709 643 636 ~265     43    72      7.94 sec  T/O =  0  PRV =  0
SBY 23:53:14 [fifo] engine_0: 63 : ... 23 38 18 39 17 27 16 49 41 36 25 21 47 307 709 675 671 ~265     46    72      7.99 sec  T/O =  0  PRV =  0
SBY 23:53:14 [fifo] engine_0: 63 : ... 23 38 18 39 17 27 16 49 41 36 25 21 47 307 709 699 714 ~265     37    72      8.03 sec  T/O =  0  PRV =  0
SBY 23:53:14 [fifo] engine_0: 63 : ... 23 38 18 39 17 27 16 49 41 36 25 21 47 307 709 727 754 ~265     16    72      8.07 sec  T/O =  0  PRV =  0
SBY 23:53:14 [fifo] engine_0: 63 : ... 23 38 18 39 17 27 16 49 41 36 25 21 47 307 711 762 779 ~265     16    74      8.10 sec  T/O =  0  PRV =  0
SBY 23:53:14 [fifo] engine_0: 63 : ... 23 38 18 39 17 27 16 52 41 36 25 21 47 307 712 785 815 ~265     18    74      8.14 sec  T/O =  0  PRV =  0
SBY 23:53:14 [fifo] engine_0: 63 : ... 23 38 18 39 17 27 17 55 46 43 32 28 53 313 718 788 825 ~265     18    74      8.19 sec  T/O =  0  PRV =  0
SBY 23:53:14 [fifo] engine_0: 63 : ... 23 38 18 39 17 27 17 55 46 43 32 28 53 314 724 818 854 ~265     22    74      8.23 sec  T/O =  0  PRV =  0
SBY 23:53:14 [fifo] engine_0: 63 : ... 23 38 18 39 17 27 17 55 46 43 32 28 53 314 724 823 868 ~265     12    74      8.24 sec  T/O =  0  PRV =  0
SBY 23:53:14 [fifo] engine_0: 64 : ... 18 39 17 27 14 48 37 36 31 28 20 268 169 766 539 623 ~278       15    74      8.56 sec  T/O =  0  PRV =  0
SBY 23:53:14 [fifo] engine_0: 64 : ... 18 39 17 27 14 48 37 36 31 28 20 268 169 770 567 649 ~278       19    75      8.60 sec  T/O =  0  PRV =  0
SBY 23:53:14 [fifo] engine_0: 64 : ... 18 39 17 27 14 48 37 36 31 28 20 268 169 774 586 690 ~278       17    75      8.64 sec  T/O =  0  PRV =  0
SBY 23:53:14 [fifo] engine_0: 64 : ... 18 39 17 27 14 48 37 36 31 28 24 272 172 778 606 716 ~278       10    76      8.68 sec  T/O =  0  PRV =  0
SBY 23:53:14 [fifo] engine_0: 64 : ... 18 39 17 27 14 48 37 36 31 28 24 272 172 778 612 731 ~278       10    76      8.69 sec  T/O =  0  PRV =  0
SBY 23:53:15 [fifo] engine_0: 65 : ... 39 17 27 14 46 43 35 31 29 24 236 154 610 288 478 634 ~280      37    82      9.00 sec  T/O =  0  PRV =  0
SBY 23:53:15 [fifo] engine_0: 65 : ... 39 17 27 14 46 43 35 31 29 28 242 164 622 300 496 637 ~280      34    84      9.05 sec  T/O =  0  PRV =  0
SBY 23:53:15 [fifo] engine_0: 65 : ... 39 17 27 14 46 43 35 31 29 28 242 164 622 304 521 683 ~280      42    84      9.10 sec  T/O =  0  PRV =  0
SBY 23:53:15 [fifo] engine_0: 65 : ... 39 17 27 14 46 43 35 31 29 28 242 164 622 309 551 714 ~280      19    84      9.15 sec  T/O =  0  PRV =  0
SBY 23:53:15 [fifo] engine_0: 65 : ... 39 17 27 14 46 43 35 31 29 28 242 164 622 309 553 725 ~280       3    84      9.16 sec  T/O =  0  PRV =  0
SBY 23:53:15 [fifo] engine_0: 66 : ... 17 27 14 46 43 35 31 27 23 237 155 580 240 320 329 655 ~284      8    84      9.45 sec  T/O =  0  PRV =  0
SBY 23:53:15 [fifo] engine_0: 66 : ... 17 27 14 46 43 35 31 27 23 237 155 580 249 330 345 680 ~284     18    84      9.50 sec  T/O =  0  PRV =  0
SBY 23:53:15 [fifo] engine_0: 66 : ... 17 27 14 46 43 35 31 27 23 238 157 584 254 332 359 710 ~284     19    84      9.54 sec  T/O =  0  PRV =  0
SBY 23:53:15 [fifo] engine_0: 66 : ... 17 27 14 46 43 35 31 27 23 239 159 590 259 342 375 737 ~284     18    85      9.58 sec  T/O =  0  PRV =  0
SBY 23:53:15 [fifo] engine_0: 66 : ... 17 27 14 46 43 35 31 27 23 239 159 590 277 354 387 745 ~284     24    85      9.62 sec  T/O =  0  PRV =  0
SBY 23:53:15 [fifo] engine_0: 66 : ... 17 27 14 46 43 35 31 27 23 239 159 590 279 359 408 781 ~284     24    85      9.66 sec  T/O =  0  PRV =  0
SBY 23:53:16 [fifo] engine_0: 66 : ... 17 27 14 46 43 35 31 27 23 239 159 591 288 372 427 798 ~284     18    85      9.71 sec  T/O =  0  PRV =  0
SBY 23:53:16 [fifo] engine_0: 66 : ... 17 27 14 46 43 35 31 27 23 239 159 591 290 384 458 817 ~284     34    85      9.75 sec  T/O =  0  PRV =  0
SBY 23:53:16 [fifo] engine_0: 66 : ... 17 27 14 46 43 35 31 27 23 239 159 591 290 391 476 858 ~284     36    85      9.80 sec  T/O =  0  PRV =  0
SBY 23:53:16 [fifo] engine_0: 66 : ... 17 27 14 46 43 35 31 27 23 239 159 591 290 391 476 867 ~284      4    85      9.81 sec  T/O =  0  PRV =  0
SBY 23:53:16 [fifo] engine_0: 67 : ... 14 45 43 33 31 27 23 236 153 571 104 214 191 429 892 ~283       21    85     10.18 sec  T/O =  0  PRV =  0
SBY 23:53:16 [fifo] engine_0: 67 : ... 14 45 43 33 31 27 23 236 153 573 104 216 199 442 932 ~283       19    85     10.23 sec  T/O =  0  PRV =  0
SBY 23:53:16 [fifo] engine_0: 67 : ... 14 45 43 33 31 27 23 236 153 573 104 216 199 443 939 ~283        5    85     10.23 sec  T/O =  0  PRV =  0
SBY 23:53:16 [fifo] engine_0: 68 : ... 45 43 33 31 27 23 236 154 571 79 180 136 385 456 622 ~283       11    85     10.55 sec  T/O =  0  PRV =  0
SBY 23:53:16 [fifo] engine_0: 68 : ... 45 43 33 31 27 23 236 154 571 79 180 140 393 473 653 ~283       10    86     10.59 sec  T/O =  0  PRV =  0
SBY 23:53:16 [fifo] engine_0: 68 : ... 45 43 33 31 27 23 236 154 572 88 184 147 403 486 668 ~283       18    86     10.64 sec  T/O =  0  PRV =  0
SBY 23:53:16 [fifo] engine_0: 68 : ... 45 43 33 31 27 23 236 154 572 88 184 147 403 489 689 ~283       19    87     10.66 sec  T/O =  0  PRV =  0
SBY 23:53:17 [fifo] engine_0: 69 : ... 43 33 31 27 23 235 152 570 74 166 106 185 218 393 817 ~285      20    97     10.99 sec  T/O =  0  PRV =  0
SBY 23:53:17 [fifo] engine_0: 69 : ... 43 33 31 27 23 235 152 570 74 166 110 189 227 404 853 ~285      17    97     11.04 sec  T/O =  0  PRV =  0
SBY 23:53:17 [fifo] engine_0: Timing out on output 0 in frame 69 (retrying in next anytime pass).
SBY 23:53:17 [fifo] engine_0: 69 : ... 43 33 31 27 23 235 152 570 74 166 110 189 227 404 853 ~285       0    97     11.04 sec  T/O =  1  PRV =  0
SBY 23:53:17 [fifo] engine_0: 70 : ... 33 31 27 23 235 152 570 72 155 87 160 193 260 328 703 ~286       0    97     11.29 sec  T/O =  1  PRV =  0
SBY 23:53:17 [fifo] engine_0: 71 : ... 31 27 23 235 152 570 72 155 87 157 189 254 325 632 90 ~286       2    97     11.46 sec  T/O =  1  PRV =  0
SBY 23:53:17 [fifo] engine_0: 72 : ... 152 570 72 155 87 157 189 253 325 560 238 -13 ~286       12    97     11.67 sec  T/O =  1  PRV =  0
SBY 23:53:18 [fifo] engine_0: 72 : ... 27 23 235 152 570 72 155 87 157 189 253 325 563 268 14 ~286     18    98     11.70 sec  T/O =  1  PRV =  0
SBY 23:53:18 [fifo] engine_0: 72 : ... 27 23 235 152 570 72 155 87 157 189 253 325 563 304 41 ~286     25    98     11.74 sec  T/O =  1  PRV =  0
SBY 23:53:18 [fifo] engine_0: 72 : ... 27 23 235 152 570 72 155 87 157 189 253 325 563 334 79 ~286     23    98     11.78 sec  T/O =  1  PRV =  0
SBY 23:53:18 [fifo] engine_0: 72 : ... 23 235 152 570 72 155 87 157 189 253 332 569 355 112 ~286       15    98     11.82 sec  T/O =  1  PRV =  0
SBY 23:53:18 [fifo] engine_0: 72 : ... 30 238 160 573 72 155 87 158 189 255 338 577 355 112 ~286       42    98     11.86 sec  T/O =  1  PRV =  0
SBY 23:53:18 [fifo] engine_0: 72 : ... 30 238 160 577 79 161 93 165 197 262 345 589 356 112 ~286       45    98     11.91 sec  T/O =  1  PRV =  0
SBY 23:53:18 [fifo] engine_0: 72 : ... 32 239 164 581 82 165 96 168 201 266 354 607 364 114 ~286       51    98     11.96 sec  T/O =  1  PRV =  0
SBY 23:53:18 [fifo] engine_0: 72 : ... 32 239 164 581 82 165 96 168 201 266 357 638 391 115 ~286       83    98     12.01 sec  T/O =  1  PRV =  0
SBY 23:53:18 [fifo] engine_0: 72 : ... 32 239 164 581 82 165 96 168 201 266 357 648 420 124 ~286       99    98     12.03 sec  T/O =  1  PRV =  0
SBY 23:53:18 [fifo] engine_0: 72 : ... 32 239 164 581 82 165 96 168 201 270 367 657 440 143 ~286       71    98     12.09 sec  T/O =  1  PRV =  0
SBY 23:53:18 [fifo] engine_0: 72 : ... 32 239 164 581 82 165 96 168 201 270 370 676 473 148 ~286       88    98     12.14 sec  T/O =  1  PRV =  0
SBY 23:53:18 [fifo] engine_0: 72 : ... 32 239 164 581 82 165 96 170 211 279 385 680 482 158 ~286      116    98     12.18 sec  T/O =  1  PRV =  0
SBY 23:53:18 [fifo] engine_0: 72 : ... 32 239 164 581 82 165 97 176 227 300 394 682 483 158 ~286      151    98     12.23 sec  T/O =  1  PRV =  0
SBY 23:53:18 [fifo] engine_0: 72 : ... 32 239 164 581 82 165 97 179 239 316 409 689 485 160 ~286      176    98     12.27 sec  T/O =  1  PRV =  0
SBY 23:53:18 [fifo] engine_0: 72 : ... 32 239 164 581 82 165 97 179 239 324 442 703 485 162 ~286      173    98     12.32 sec  T/O =  1  PRV =  0
SBY 23:53:18 [fifo] engine_0: 72 : ... 32 239 164 581 82 165 97 179 239 324 450 750 495 165 ~286      182    98     12.37 sec  T/O =  1  PRV =  0
SBY 23:53:18 [fifo] engine_0: 72 : ... 32 239 164 581 82 165 97 179 239 324 454 778 521 166 ~286      194    98     12.40 sec  T/O =  1  PRV =  0
SBY 23:53:18 [fifo] engine_0: 72 : ... 32 239 164 581 82 165 97 179 239 324 455 785 579 170 ~286      199    98     12.45 sec  T/O =  1  PRV =  0
SBY 23:53:18 [fifo] engine_0: 72 : ... 32 239 164 581 82 165 97 179 242 336 469 792 592 176 ~286      211    98     12.51 sec  T/O =  1  PRV =  0
SBY 23:53:18 [fifo] engine_0: 72 : ... 32 239 164 581 82 165 97 179 242 337 480 802 620 192 ~286      218    98     12.56 sec  T/O =  1  PRV =  0
SBY 23:53:18 [fifo] engine_0: 72 : ... 32 239 164 581 82 165 97 179 242 337 480 805 649 221 ~286      196    98     12.60 sec  T/O =  1  PRV =  0
SBY 23:53:18 [fifo] engine_0: 72 : ... 32 239 164 581 82 165 97 180 243 340 488 820 677 227 ~286      218    98     12.65 sec  T/O =  1  PRV =  0
SBY 23:53:18 [fifo] engine_0: 72 : ... 32 239 164 581 82 165 97 180 243 340 488 822 708 259 ~286      222    98     12.69 sec  T/O =  1  PRV =  0
SBY 23:53:19 [fifo] engine_0: 72 : ... 32 239 164 581 82 165 97 180 243 340 489 823 744 282 ~286      231    98     12.73 sec  T/O =  1  PRV =  0
SBY 23:53:19 [fifo] engine_0: 72 : ... 32 239 164 581 82 165 97 180 243 340 493 832 768 312 ~286      235    98     12.78 sec  T/O =  1  PRV =  0
SBY 23:53:19 [fifo] engine_0: 72 : ... 32 239 164 581 82 165 97 180 243 340 493 834 783 359 ~286      226    98     12.83 sec  T/O =  1  PRV =  0
SBY 23:53:19 [fifo] engine_0: 72 : ... 32 239 164 581 82 165 97 180 243 340 493 835 801 406 ~286      184    98     12.88 sec  T/O =  1  PRV =  0
SBY 23:53:19 [fifo] engine_0: 72 : ... 32 239 164 581 82 165 97 180 243 341 503 838 808 435 ~286      150    98     12.92 sec  T/O =  1  PRV =  0
SBY 23:53:19 [fifo] engine_0: 72 : ... 32 239 164 581 82 165 97 180 243 341 506 846 835 457 ~286      117    98     12.96 sec  T/O =  1  PRV =  0
SBY 23:53:19 [fifo] engine_0: 72 : ... 32 239 164 581 82 165 97 180 243 342 507 850 860 498 ~286      106    98     13.02 sec  T/O =  1  PRV =  0
SBY 23:53:19 [fifo] engine_0: 72 : ... 32 239 164 581 82 165 97 180 243 342 507 860 883 532 ~286       80    98     13.07 sec  T/O =  1  PRV =  0
SBY 23:53:19 [fifo] engine_0: 72 : ... 32 239 164 581 82 165 97 180 243 342 509 865 907 567 ~286       68    98     13.13 sec  T/O =  1  PRV =  0
SBY 23:53:19 [fifo] engine_0: 72 : ... 32 239 164 581 82 165 97 180 243 342 509 866 924 607 ~286       55    98     13.17 sec  T/O =  1  PRV =  0
SBY 23:53:19 [fifo] engine_0: 72 : ... 32 239 164 581 82 165 97 180 243 342 509 866 924 609 ~286        0    98     13.17 sec  T/O =  1  PRV =  0
SBY 23:53:20 [fifo] engine_0: 73 : ... 204 135 544 67 144 40 100 42 82 141 102 404 697 1097 ~315        0    98     13.83 sec  T/O =  1  PRV =  0
SBY 23:53:20 [fifo] engine_0: 74 : ... 204 135 543 67 144 40 99 42 80 137 99 375 625 609 486 ~315       0    98     14.05 sec  T/O =  1  PRV =  0
SBY 23:53:20 [fifo] engine_0: 75 : ... 135 543 67 144 40 99 42 80 137 99 371 630 623 447 70 ~315       34    98     14.32 sec  T/O =  1  PRV =  0
SBY 23:53:20 [fifo] engine_0: 75 : ... 135 543 67 144 40 99 42 80 137 99 371 634 635 476 88 ~315       46    98     14.35 sec  T/O =  1  PRV =  0
SBY 23:53:20 [fifo] engine_0: 75 : ... 135 543 67 144 40 99 42 80 137 99 371 638 646 493 110 ~315      45    98     14.37 sec  T/O =  1  PRV =  0
SBY 23:53:20 [fifo] engine_0: 75 : ... 135 543 67 144 40 99 42 80 137 100 376 646 661 512 121 ~315     49    98     14.41 sec  T/O =  1  PRV =  0
SBY 23:53:20 [fifo] engine_0: 75 : ... 135 543 67 144 40 99 43 83 145 110 391 662 667 513 121 ~315     64    99     14.46 sec  T/O =  1  PRV =  0
SBY 23:53:20 [fifo] engine_0: 75 : ... 135 543 67 144 40 99 43 83 145 110 391 674 699 525 122 ~315     79    99     14.50 sec  T/O =  1  PRV =  0
SBY 23:53:20 [fifo] engine_0: 75 : ... 135 543 67 144 40 99 43 83 147 110 392 676 711 569 122 ~315    104    99     14.55 sec  T/O =  1  PRV =  0
SBY 23:53:20 [fifo] engine_0: 75 : ... 135 543 67 144 40 99 46 88 155 114 401 681 717 582 122 ~315    127    99     14.59 sec  T/O =  1  PRV =  0
SBY 23:53:20 [fifo] engine_0: 75 : ... 135 543 67 144 40 99 46 88 155 114 401 682 723 612 157 ~315    128    99     14.64 sec  T/O =  1  PRV =  0
SBY 23:53:20 [fifo] engine_0: 75 : ... 135 543 67 144 40 99 46 88 155 114 401 682 723 626 218 ~315     92   100     14.68 sec  T/O =  1  PRV =  0
SBY 23:53:21 [fifo] engine_0: 75 : ... 135 543 67 144 40 99 46 88 155 114 401 684 733 641 249 ~315     41   100     14.72 sec  T/O =  1  PRV =  0
SBY 23:53:21 [fifo] engine_0: 75 : ... 135 543 67 144 40 99 46 88 155 114 401 684 737 667 282 ~315     13   100     14.76 sec  T/O =  1  PRV =  0
SBY 23:53:21 [fifo] engine_0: 75 : ... 135 543 67 144 40 99 46 88 155 114 401 684 738 681 310 ~315     13   100     14.79 sec  T/O =  1  PRV =  0
SBY 23:53:21 [fifo] engine_0: 76 : ... 543 67 144 40 99 43 78 30 119 46 58 84 380 549 1310 ~312        11   100     15.37 sec  T/O =  1  PRV =  0
SBY 23:53:22 [fifo] engine_0: 77 : ... 543 67 144 40 99 43 78 30 119 46 58 67 295 489 751 731 ~308     21   100     15.77 sec  T/O =  1  PRV =  0
SBY 23:53:22 [fifo] engine_0: 77 : ... 543 67 144 40 99 43 78 30 119 46 58 67 296 492 763 773 ~308     19   100     15.81 sec  T/O =  1  PRV =  0
SBY 23:53:22 [fifo] engine_0: 77 : ... 543 67 144 40 99 43 78 30 119 46 58 67 300 502 783 795 ~308      9   100     15.86 sec  T/O =  1  PRV =  0
SBY 23:53:22 [fifo] engine_0: 77 : ... 543 67 144 40 99 43 78 30 119 46 58 67 300 503 785 809 ~308      8   100     15.86 sec  T/O =  1  PRV =  0
SBY 23:53:22 [fifo] engine_0: 78 : ... 67 144 40 99 43 78 30 119 46 49 43 111 268 553 522 813 ~309      0   100     16.23 sec  T/O =  1  PRV =  0
SBY 23:53:22 [fifo] engine_0: 79 : ... 40 99 43 78 30 119 46 49 43 110 265 546 522 421 392 ~309         0   100     16.45 sec  T/O =  1  PRV =  0
SBY 23:53:22 [fifo] engine_0: 80 : ... 99 43 78 30 119 46 49 43 110 265 546 522 422 284 117 ~309        5   100     16.66 sec  T/O =  1  PRV =  0
SBY 23:53:23 [fifo] engine_0: 81 : ... 30 119 46 42 39 111 265 546 532 437 301 194 -61 ~309     29   100     16.92 sec  T/O =  1  PRV =  0
SBY 23:53:23 [fifo] engine_0: 81 : ... 30 119 46 42 39 111 265 546 532 439 327 220 -59 ~309     41   100     16.96 sec  T/O =  1  PRV =  0
SBY 23:53:23 [fifo] engine_0: 81 : ... 30 119 46 42 39 111 265 546 532 439 332 245 -23 ~309     49   100     16.98 sec  T/O =  1  PRV =  0
SBY 23:53:23 [fifo] engine_0: 81 : ... 30 119 46 42 39 111 265 546 538 454 356 252 -18 ~309     39   100     17.02 sec  T/O =  1  PRV =  0
SBY 23:53:23 [fifo] engine_0: 81 : ... 30 119 46 42 39 111 265 546 541 473 382 268 -18 ~309     62   100     17.06 sec  T/O =  1  PRV =  0
SBY 23:53:23 [fifo] engine_0: 81 : ... 30 119 46 42 39 111 265 546 545 484 395 280 -8 ~309     61   100     17.09 sec  T/O =  1  PRV =  0
SBY 23:53:23 [fifo] engine_0: 81 : ... 30 119 46 42 43 120 274 563 553 490 396 280 -8 ~309     77   100     17.14 sec  T/O =  1  PRV =  0
SBY 23:53:23 [fifo] engine_0: 81 : ... 30 119 46 42 43 120 274 574 581 511 398 280 -8 ~309     93   100     17.19 sec  T/O =  1  PRV =  0
SBY 23:53:23 [fifo] engine_0: 81 : ... 30 119 46 42 43 120 274 574 582 524 430 287 -8 ~309     93   100     17.24 sec  T/O =  1  PRV =  0
SBY 23:53:23 [fifo] engine_0: 81 : ... 30 119 46 42 43 120 274 576 601 534 442 302 -8 ~309    126   100     17.28 sec  T/O =  1  PRV =  0
SBY 23:53:23 [fifo] engine_0: 81 : ... 30 119 46 42 43 120 274 577 616 548 453 315 -7 ~309    145   100     17.33 sec  T/O =  1  PRV =  0
SBY 23:53:23 [fifo] engine_0: 81 : ... 30 119 46 42 43 120 274 577 616 553 471 348 -7 ~309    146   100     17.36 sec  T/O =  1  PRV =  0
SBY 23:53:23 [fifo] engine_0: 81 : ... 30 119 46 42 43 120 274 577 617 571 499 354 -6 ~309    171   100     17.41 sec  T/O =  1  PRV =  0
SBY 23:53:23 [fifo] engine_0: 81 : ... 99 43 78 30 119 46 42 43 120 274 577 617 577 521 382 3 ~309    189   100     17.45 sec  T/O =  1  PRV =  0
SBY 23:53:23 [fifo] engine_0: 81 : ... 99 43 78 30 119 46 42 43 120 274 577 617 577 529 429 7 ~309    196   100     17.50 sec  T/O =  1  PRV =  0
SBY 23:53:23 [fifo] engine_0: 81 : ... 43 78 30 119 46 42 43 120 274 577 617 577 534 453 45 ~309      182   100     17.54 sec  T/O =  1  PRV =  0
SBY 23:53:23 [fifo] engine_0: 81 : ... 43 78 30 119 46 42 43 120 274 577 617 577 541 479 77 ~309      166   100     17.58 sec  T/O =  1  PRV =  0
SBY 23:53:23 [fifo] engine_0: 81 : ... 43 78 30 119 46 42 43 120 274 577 617 578 548 506 109 ~309     153   100     17.62 sec  T/O =  1  PRV =  0
SBY 23:53:23 [fifo] engine_0: 81 : ... 43 78 30 119 46 42 43 120 274 577 620 590 563 520 127 ~309     155   100     17.66 sec  T/O =  1  PRV =  0
SBY 23:53:24 [fifo] engine_0: 81 : ... 43 78 30 119 46 42 43 120 274 578 640 619 571 520 129 ~309     193   100     17.72 sec  T/O =  1  PRV =  0
SBY 23:53:24 [fifo] engine_0: 81 : ... 43 78 30 119 46 42 43 120 274 578 652 646 599 523 131 ~309     219   100     17.78 sec  T/O =  1  PRV =  0
SBY 23:53:24 [fifo] engine_0: 81 : ... 43 78 30 119 46 42 43 120 278 585 672 658 615 524 131 ~309     242   100     17.84 sec  T/O =  1  PRV =  0
SBY 23:53:24 [fifo] engine_0: 81 : ... 43 78 30 119 46 42 43 120 278 585 676 670 620 524 131 ~309     249   100     17.86 sec  T/O =  1  PRV =  0
SBY 23:53:24 [fifo] engine_0: Timing out on output 1 in frame 81 (retrying in next anytime pass).
SBY 23:53:24 [fifo] engine_0: 81 : ... 43 78 30 119 46 42 43 120 278 585 676 670 620 524 131 ~309       0   100     17.86 sec  T/O =  2  PRV =  0
SBY 23:53:24 [fifo] engine_0: 82 : ... 78 25 119 50 39 18 54 187 449 243 184 213 270 322 1008 ~323      0   100     18.45 sec  T/O =  2  PRV =  0
SBY 23:53:30 [fifo] engine_0: All outputs solved or timed out in frame 82.
SBY 23:53:30 [fifo] engine_0: Starting new anytime pass, reusing clauses.
SBY 23:53:30 [fifo] engine_0: Frame Clauses                                                     Max Queue Flops Time
SBY 23:53:30 [fifo] engine_0: 1 : 0 5241 ~323                                                          0     0      5.29 sec  T/O =  0  PRV =  0
SBY 23:53:30 [fifo] engine_0: 2 : 0 3 5238 ~323                                                        0     0      5.35 sec  T/O =  0  PRV =  0
SBY 23:53:30 [fifo] engine_0: 3 : 0 3 5 5233 ~323                                                      0     0      5.42 sec  T/O =  0  PRV =  0
SBY 23:53:30 [fifo] engine_0: 4 : 0 3 5 5 5228 ~323                                                    0     0      5.48 sec  T/O =  0  PRV =  0
SBY 23:53:30 [fifo] engine_0: 5 : 0 3 5 5 2 5226 ~323                                                  0     0      5.55 sec  T/O =  0  PRV =  0
SBY 23:53:30 [fifo] engine_0: 6 : 0 3 5 5 2 4 5222 ~323                                                0     0      5.62 sec  T/O =  0  PRV =  0
SBY 23:53:30 [fifo] engine_0: 7 : 0 3 5 5 2 4 4 5218 ~323                                              0     0      5.69 sec  T/O =  0  PRV =  0
SBY 23:53:30 [fifo] engine_0: 8 : 0 3 5 5 2 4 4 7 5211 ~323                                            0     0      5.76 sec  T/O =  0  PRV =  0
SBY 23:53:30 [fifo] engine_0: 9 : 0 3 5 5 2 4 4 7 3 5208 ~323                                          0     0      5.83 sec  T/O =  0  PRV =  0
SBY 23:53:30 [fifo] engine_0: 10 : 0 3 5 5 2 4 4 7 3 8 5200 ~323                                        0     0      5.90 sec  T/O =  0  PRV =  0
SBY 23:53:30 [fifo] engine_0: 11 : 0 3 5 5 2 4 4 7 3 8 6 5194 ~323                                      0     0      5.97 sec  T/O =  0  PRV =  0
SBY 23:53:30 [fifo] engine_0: 12 : 0 3 5 5 2 4 4 7 3 8 6 7 5187 ~323                                    0     0      6.04 sec  T/O =  0  PRV =  0
SBY 23:53:30 [fifo] engine_0: 13 : 0 3 5 5 2 4 4 7 3 8 6 7 7 5180 ~323                                  0     0      6.11 sec  T/O =  0  PRV =  0
SBY 23:53:31 [fifo] engine_0: 14 : 0 3 5 5 2 4 4 7 3 8 6 7 7 14 5166 ~323                               0     0      6.19 sec  T/O =  0  PRV =  0
SBY 23:53:31 [fifo] engine_0: 15 : 0 3 5 5 2 4 4 7 3 8 6 7 7 14 7 5159 ~323                             0     0      6.26 sec  T/O =  0  PRV =  0
SBY 23:53:31 [fifo] engine_0: 16 : 0 3 5 5 2 4 4 7 3 8 6 7 7 14 7 23 5136 ~323                          0     0      6.33 sec  T/O =  0  PRV =  0
SBY 23:53:31 [fifo] engine_0: 17 : 0 3 5 5 2 4 4 7 3 8 6 7 7 14 7 23 29 5107 ~323                       0     0      6.40 sec  T/O =  0  PRV =  0
SBY 23:53:31 [fifo] engine_0: 18 : 0 3 5 5 2 4 4 7 3 8 6 7 7 14 7 23 29 11 5096 ~323                    0     0      6.47 sec  T/O =  0  PRV =  0
SBY 23:53:31 [fifo] engine_0: 19 : 0 3 5 5 2 4 4 7 3 8 6 7 7 14 7 23 29 11 7 5089 ~323                  0     0      6.53 sec  T/O =  0  PRV =  0
SBY 23:53:31 [fifo] engine_0: 20 : 0 3 5 5 2 4 4 7 3 8 6 7 7 14 7 23 29 11 7 10 5079 ~323               0     0      6.59 sec  T/O =  0  PRV =  0
SBY 23:53:31 [fifo] engine_0: 21 : 0 3 5 5 2 4 4 7 3 8 6 7 7 14 7 23 29 11 7 10 10 5069 ~323            0     0      6.66 sec  T/O =  0  PRV =  0
SBY 23:53:31 [fifo] engine_0: 22 : 0 3 5 5 2 4 4 7 3 8 6 7 7 14 7 23 29 11 7 10 10 5 5064 ~323          0     0      6.73 sec  T/O =  0  PRV =  0
SBY 23:53:31 [fifo] engine_0: 23 : ... 3 5 5 2 4 4 7 3 8 6 7 7 14 7 23 29 11 7 10 10 5 5 5059 ~323      0     0      6.80 sec  T/O =  0  PRV =  0
SBY 23:53:31 [fifo] engine_0: 24 : ... 5 5 2 4 4 7 3 8 6 7 7 14 7 23 29 11 7 10 10 5 5 9 5050 ~323      0     0      6.86 sec  T/O =  0  PRV =  0
SBY 23:53:31 [fifo] engine_0: 25 : ... 2 4 4 7 3 8 6 7 7 14 7 23 29 11 7 10 10 5 5 9 18 5032 ~323       0     0      6.92 sec  T/O =  0  PRV =  0
SBY 23:53:31 [fifo] engine_0: 26 : ... 4 4 7 3 8 6 7 7 14 7 23 29 11 7 10 10 5 5 9 18 9 5023 ~323       0     0      6.99 sec  T/O =  0  PRV =  0
SBY 23:53:31 [fifo] engine_0: 27 : ... 4 7 3 8 6 7 7 14 7 23 29 11 7 10 10 5 5 9 18 9 5 5018 ~323       0     0      7.05 sec  T/O =  0  PRV =  0
SBY 23:53:31 [fifo] engine_0: 28 : ... 7 3 8 6 7 7 14 7 23 29 11 7 10 10 5 5 9 18 9 5 4 5014 ~323       0     0      7.11 sec  T/O =  0  PRV =  0
SBY 23:53:32 [fifo] engine_0: 29 : ... 3 8 6 7 7 14 7 23 29 11 7 10 10 5 5 9 18 9 5 4 17 4997 ~323      0     0      7.18 sec  T/O =  0  PRV =  0
SBY 23:53:32 [fifo] engine_0: 30 : ... 6 7 7 14 7 23 29 11 7 10 10 5 5 9 18 9 5 4 17 20 4977 ~323       0     0      7.24 sec  T/O =  0  PRV =  0
SBY 23:53:32 [fifo] engine_0: 31 : ... 7 7 14 7 23 29 11 7 10 10 5 5 9 18 9 5 4 17 20 14 4963 ~323      0     0      7.30 sec  T/O =  0  PRV =  0
SBY 23:53:32 [fifo] engine_0: 32 : ... 14 7 23 29 11 7 10 10 5 5 9 18 9 5 4 17 20 14 13 4950 ~323       0     0      7.37 sec  T/O =  0  PRV =  0
SBY 23:53:32 [fifo] engine_0: 33 : ... 7 23 29 11 7 10 10 5 5 9 18 9 5 4 17 20 14 13 4 4946 ~323        0     0      7.44 sec  T/O =  0  PRV =  0
SBY 23:53:32 [fifo] engine_0: 34 : ... 7 23 29 11 7 10 10 5 5 9 18 9 5 4 17 20 14 13 4 5 4941 ~323      0     0      7.50 sec  T/O =  0  PRV =  0
SBY 23:53:32 [fifo] engine_0: 35 : ... 23 29 11 7 10 10 5 5 9 18 9 5 4 17 20 14 13 4 5 3 4938 ~323      0     0      7.57 sec  T/O =  0  PRV =  0
SBY 23:53:32 [fifo] engine_0: 36 : ... 29 11 7 10 10 5 5 9 18 9 5 4 17 20 14 13 4 5 3 8 4930 ~323       0     0      7.64 sec  T/O =  0  PRV =  0
SBY 23:53:32 [fifo] engine_0: 37 : ... 11 7 10 10 5 5 9 18 9 5 4 17 20 14 13 4 5 3 8 7 4923 ~323        0     0      7.70 sec  T/O =  0  PRV =  0
SBY 23:53:32 [fifo] engine_0: 38 : ... 7 10 10 5 5 9 18 9 5 4 17 20 14 13 4 5 3 8 7 10 4913 ~323        0     0      7.76 sec  T/O =  0  PRV =  0
SBY 23:53:32 [fifo] engine_0: 39 : ... 10 10 5 5 9 18 9 5 4 17 20 14 13 4 5 3 8 7 10 14 4899 ~323       0     0      7.83 sec  T/O =  0  PRV =  0
SBY 23:53:32 [fifo] engine_0: 40 : ... 10 5 5 9 18 9 5 4 17 20 14 13 4 5 3 8 7 10 14 20 4879 ~323       0     0      7.89 sec  T/O =  0  PRV =  0
SBY 23:53:32 [fifo] engine_0: 41 : ... 5 5 9 18 9 5 4 17 20 14 13 4 5 3 8 7 10 14 20 14 4865 ~323       0     0      7.97 sec  T/O =  0  PRV =  0
SBY 23:53:32 [fifo] engine_0: 42 : ... 5 9 18 9 5 4 17 20 14 13 4 5 3 8 7 10 14 20 14 8 4857 ~323       0     0      8.04 sec  T/O =  0  PRV =  0
SBY 23:53:32 [fifo] engine_0: 43 : ... 9 18 9 5 4 17 20 14 13 4 5 3 8 7 10 14 20 14 8 8 4849 ~323       0     0      8.11 sec  T/O =  0  PRV =  0
SBY 23:53:33 [fifo] engine_0: 44 : ... 18 9 5 4 17 20 14 13 4 5 3 8 7 10 14 20 14 8 8 8 4841 ~323       0     0      8.17 sec  T/O =  0  PRV =  0
SBY 23:53:33 [fifo] engine_0: 45 : ... 9 5 4 17 20 14 13 4 5 3 8 7 10 14 20 14 8 8 8 18 4823 ~323       0     0      8.24 sec  T/O =  0  PRV =  0
SBY 23:53:33 [fifo] engine_0: 46 : ... 5 4 17 20 14 13 4 5 3 8 7 10 14 20 14 8 8 8 18 5 4818 ~323       0     0      8.30 sec  T/O =  0  PRV =  0
SBY 23:53:33 [fifo] engine_0: 47 : ... 4 17 20 14 13 4 5 3 8 7 10 14 20 14 8 8 8 18 5 84 4734 ~323      0     0      8.37 sec  T/O =  0  PRV =  0
SBY 23:53:33 [fifo] engine_0: 48 : ... 20 14 13 4 5 3 8 7 10 14 20 14 8 8 8 18 5 84 19 4715 ~323        0     0      8.43 sec  T/O =  0  PRV =  0
SBY 23:53:33 [fifo] engine_0: 49 : ... 14 13 4 5 3 8 7 10 14 20 14 8 8 8 18 5 84 19 37 4678 ~323        0     0      8.50 sec  T/O =  0  PRV =  0
SBY 23:53:33 [fifo] engine_0: 50 : ... 13 4 5 3 8 7 10 14 20 14 8 8 8 18 5 84 19 37 12 4666 ~323        0     0      8.57 sec  T/O =  0  PRV =  0
SBY 23:53:33 [fifo] engine_0: 51 : ... 4 5 3 8 7 10 14 20 14 8 8 8 18 5 84 19 37 12 35 4631 ~323        0     0      8.63 sec  T/O =  0  PRV =  0
SBY 23:53:33 [fifo] engine_0: 52 : ... 5 3 8 7 10 14 20 14 8 8 8 18 5 84 19 37 12 35 16 4615 ~323       0     0      8.70 sec  T/O =  0  PRV =  0
SBY 23:53:33 [fifo] engine_0: 53 : ... 3 8 7 10 14 20 14 8 8 8 18 5 84 19 37 12 35 16 23 4592 ~323      0     0      8.77 sec  T/O =  0  PRV =  0
SBY 23:53:33 [fifo] engine_0: 54 : ... 7 10 14 20 14 8 8 8 18 5 84 19 37 12 35 16 23 12 4580 ~323       0     0      8.84 sec  T/O =  0  PRV =  0
SBY 23:53:33 [fifo] engine_0: 55 : ... 10 14 20 14 8 8 8 18 5 84 19 37 12 35 16 23 12 38 4542 ~323      0     0      8.91 sec  T/O =  0  PRV =  0
SBY 23:53:33 [fifo] engine_0: 56 : ... 14 20 14 8 8 8 18 5 84 19 37 12 35 16 23 12 38 23 4519 ~323      0     0      8.98 sec  T/O =  0  PRV =  0
SBY 23:53:33 [fifo] engine_0: 57 : ... 20 14 8 8 8 18 5 84 19 37 12 35 16 23 12 38 23 14 4505 ~323      0     0      9.06 sec  T/O =  0  PRV =  0
SBY 23:53:33 [fifo] engine_0: 58 : ... 14 8 8 8 18 5 84 19 37 12 35 16 23 12 38 23 14 15 4490 ~323      0     0      9.13 sec  T/O =  0  PRV =  0
SBY 23:53:34 [fifo] engine_0: 59 : ... 8 8 8 18 5 84 19 37 12 35 16 23 12 38 23 14 15 16 4474 ~323      0     0      9.20 sec  T/O =  0  PRV =  0
SBY 23:53:34 [fifo] engine_0: 60 : ... 8 18 5 84 19 37 12 35 16 23 12 38 23 14 15 16 19 4455 ~323       0     0      9.28 sec  T/O =  0  PRV =  0
SBY 23:53:34 [fifo] engine_0: 61 : ... 5 84 19 37 12 35 16 23 12 38 23 14 15 16 19 203 4252 ~323        0     0      9.35 sec  T/O =  0  PRV =  0
SBY 23:53:34 [fifo] engine_0: 62 : ... 84 19 37 12 35 16 23 12 38 23 14 15 16 19 203 135 4117 ~323      0     0      9.43 sec  T/O =  0  PRV =  0
SBY 23:53:34 [fifo] engine_0: 63 : ... 37 12 35 16 23 12 38 23 14 15 16 19 203 135 540 3577 ~323        0     0      9.51 sec  T/O =  0  PRV =  0
SBY 23:53:34 [fifo] engine_0: 64 : ... 12 35 16 23 12 38 23 14 15 16 19 203 135 540 66 3511 ~323        0     0      9.60 sec  T/O =  0  PRV =  0
SBY 23:53:34 [fifo] engine_0: 65 : ... 35 16 23 12 38 23 14 15 16 19 203 135 540 66 145 3366 ~323       0     0      9.70 sec  T/O =  0  PRV =  0
SBY 23:53:34 [fifo] engine_0: 66 : ... 16 23 12 38 23 14 15 16 19 203 135 540 66 145 40 3326 ~323       0     0      9.79 sec  T/O =  0  PRV =  0
SBY 23:53:34 [fifo] engine_0: 67 : ... 23 12 38 23 14 15 16 19 203 135 540 66 145 40 93 3233 ~323       0     0      9.88 sec  T/O =  0  PRV =  0
SBY 23:53:34 [fifo] engine_0: 68 : ... 12 38 23 14 15 16 19 203 135 540 66 145 40 93 40 3193 ~323       0     0      9.99 sec  T/O =  0  PRV =  0
SBY 23:53:34 [fifo] engine_0: 69 : ... 38 23 14 15 16 19 203 135 540 66 145 40 93 40 78 3115 ~323       0     0     10.09 sec  T/O =  0  PRV =  0
SBY 23:53:35 [fifo] engine_0: 70 : ... 23 14 15 16 19 203 135 540 66 145 40 93 40 78 25 3090 ~323       0     0     10.19 sec  T/O =  0  PRV =  0
SBY 23:53:35 [fifo] engine_0: 71 : ... 14 15 16 19 203 135 540 66 145 40 93 40 78 25 119 2971 ~323      0     0     10.29 sec  T/O =  0  PRV =  0
SBY 23:53:35 [fifo] engine_0: 72 : ... 15 16 19 203 135 540 66 145 40 93 40 78 25 119 50 2921 ~323      0     0     10.39 sec  T/O =  0  PRV =  0
SBY 23:53:35 [fifo] engine_0: 73 : ... 16 19 203 135 540 66 145 40 93 40 78 25 119 50 39 2882 ~323      0     0     10.49 sec  T/O =  0  PRV =  0
SBY 23:53:35 [fifo] engine_0: 74 : ... 19 203 135 540 66 145 40 93 40 78 25 119 50 39 18 2864 ~323      0     0     10.60 sec  T/O =  0  PRV =  0
SBY 23:53:35 [fifo] engine_0: 75 : ... 203 135 540 66 145 40 93 40 78 25 119 50 39 18 53 2811 ~323      1     3     10.72 sec  T/O =  0  PRV =  0
SBY 23:53:36 [fifo] engine_0: 76 : ... 135 540 66 145 40 93 40 78 25 119 51 40 19 58 197 2642 ~323     13    30     11.33 sec  T/O =  0  PRV =  0
SBY 23:53:36 [fifo] engine_0: 77 : ... 540 66 145 40 93 40 78 25 119 51 39 18 46 47 184 2596 ~323       0    30     11.90 sec  T/O =  0  PRV =  0
SBY 23:53:36 [fifo] engine_0: 78 : ... 66 145 40 93 40 78 25 119 51 39 18 46 48 185 453 2151 ~323       8    38     12.07 sec  T/O =  0  PRV =  0
SBY 23:53:37 [fifo] engine_0: 79 : ... 145 40 93 40 78 25 119 51 39 15 24 7 123 403 219 2127 ~323      14    50     12.60 sec  T/O =  0  PRV =  0
SBY 23:53:37 [fifo] engine_0: 79 : ... 145 40 93 40 78 25 119 51 39 15 24 8 124 404 224 2150 ~323      15    51     12.63 sec  T/O =  0  PRV =  0
SBY 23:53:37 [fifo] engine_0: 80 : ... 40 93 40 78 25 119 51 39 15 24 8 115 12 373 129 2208 ~323        0    51     13.11 sec  T/O =  0  PRV =  0
SBY 23:53:38 [fifo] engine_0: 81 : ... 93 40 78 25 119 51 39 15 24 8 115 12 373 132 203 2005 ~323       8    53     13.34 sec  T/O =  0  PRV =  0
SBY 23:53:38 [fifo] engine_0: 82 : ... 40 78 25 119 51 39 15 24 8 115 12 373 117 182 206 1811 ~323     13    53     13.80 sec  T/O =  0  PRV =  0
SBY 23:53:38 [fifo] engine_0: 82 : ... 40 78 25 119 51 39 15 24 8 115 12 373 118 191 213 1852 ~323     15    57     13.85 sec  T/O =  0  PRV =  0
SBY 23:53:38 [fifo] engine_0: 82 : ... 40 78 25 119 51 39 15 24 8 115 12 373 118 199 222 1872 ~323     13    58     13.88 sec  T/O =  0  PRV =  0
SBY 23:53:39 [fifo] engine_0: 83 : ... 78 25 119 51 39 15 24 8 115 11 370 69 84 100 119 1992 ~323      12    59     14.35 sec  T/O =  0  PRV =  0
SBY 23:53:39 [fifo] engine_0: 84 : ... 25 119 51 39 15 24 8 115 11 370 68 83 69 104 291 1778 ~323      11    59     14.82 sec  T/O =  0  PRV =  0
SBY 23:53:39 [fifo] engine_0: 84 : ... 25 119 51 39 15 24 8 115 11 370 68 83 73 109 300 1810 ~323      10    60     14.87 sec  T/O =  0  PRV =  0
SBY 23:53:40 [fifo] engine_0: 85 : ... 119 51 39 15 24 8 115 11 370 50 50 24 39 183 431 1599 ~323       7    61     15.32 sec  T/O =  0  PRV =  0
SBY 23:53:40 [fifo] engine_0: 86 : ... 119 51 39 15 24 8 115 11 370 51 53 25 37 40 60 82 2073 ~323     11    61     15.78 sec  T/O =  0  PRV =  0
SBY 23:53:40 [fifo] engine_0: 86 : ... 119 51 39 15 24 8 115 11 370 51 53 25 37 40 64 90 2090 ~323      7    62     15.81 sec  T/O =  0  PRV =  0
SBY 23:53:41 [fifo] engine_0: 87 : ... 51 39 15 24 8 115 11 370 50 46 10 30 9 27 43 79 2124 ~323       10    62     16.28 sec  T/O =  0  PRV =  0
SBY 23:53:41 [fifo] engine_0: 88 : ... 39 15 24 8 115 11 370 50 46 11 31 13 31 34 58 304 1890 ~323     10    62     16.79 sec  T/O =  0  PRV =  0
SBY 23:53:41 [fifo] engine_0: 88 : ... 39 15 24 8 115 11 370 50 46 11 31 13 31 34 58 304 1892 ~323      0    62     16.79 sec  T/O =  0  PRV =  0
SBY 23:53:42 [fifo] engine_0: 89 : ... 15 24 8 115 11 369 49 47 11 31 5 19 20 44 291 412 1554 ~323     11    62     17.27 sec  T/O =  0  PRV =  0
SBY 23:53:42 [fifo] engine_0: 90 : ... 24 8 115 11 369 49 47 11 31 5 18 11 17 18 34 191 2054 ~323       9    62     17.69 sec  T/O =  0  PRV =  0
SBY 23:53:42 [fifo] engine_0: 91 : ... 8 115 11 369 49 47 11 31 5 18 10 17 15 28 184 624 1451 ~323      8    62     18.11 sec  T/O =  0  PRV =  0
SBY 23:53:43 [fifo] engine_0: 92 : ... 11 369 49 47 11 31 5 18 10 13 14 21 77 354 687 1186 ~323        13    63     18.54 sec  T/O =  0  PRV =  0
SBY 23:53:43 [fifo] engine_0: 93 : ... 11 369 49 47 11 31 5 18 10 8 7 13 29 282 565 740 748 ~323       11    63     18.97 sec  T/O =  0  PRV =  0
SBY 23:53:43 [fifo] engine_0: 93 : ... 11 369 49 47 11 31 5 18 10 8 7 13 29 282 566 746 762 ~323       11    63     18.98 sec  T/O =  0  PRV =  0
SBY 23:53:44 [fifo] engine_0: 94 : ... 369 49 47 11 31 5 18 10 8 7 13 22 76 360 421 565 941 ~323       22    64     19.38 sec  T/O =  0  PRV =  0
SBY 23:53:44 [fifo] engine_0: 94 : ... 369 49 47 11 31 5 18 10 8 7 13 22 76 360 425 591 974 ~323       23    64     19.42 sec  T/O =  0  PRV =  0
SBY 23:53:44 [fifo] engine_0: 94 : ... 369 49 47 11 31 5 18 10 8 7 13 22 76 368 439 616 991 ~323       21    67     19.47 sec  T/O =  0  PRV =  0
SBY 23:53:44 [fifo] engine_0: 94 : ... 369 49 47 11 31 5 18 10 8 7 13 22 76 368 441 643 1025 ~323      22    67     19.51 sec  T/O =  0  PRV =  0
SBY 23:53:44 [fifo] engine_0: 94 : ... 369 49 47 11 31 5 18 10 8 7 13 22 78 376 448 659 1053 ~323      15    67     19.55 sec  T/O =  0  PRV =  0
SBY 23:53:44 [fifo] engine_0: 94 : ... 369 49 47 11 31 5 18 10 8 7 13 22 78 377 456 680 1076 ~323      10    67     19.59 sec  T/O =  0  PRV =  0
SBY 23:53:44 [fifo] engine_0: 94 : ... 369 49 47 11 31 5 18 10 8 7 13 22 78 382 469 697 1100 ~323      10    68     19.63 sec  T/O =  0  PRV =  0
SBY 23:53:44 [fifo] engine_0: 94 : ... 369 49 47 11 31 5 18 10 8 7 13 22 78 382 470 703 1115 ~323       8    68     19.65 sec  T/O =  0  PRV =  0
SBY 23:53:44 [fifo] engine_0: 95 : ... 115 11 369 49 47 11 31 5 18 10 8 7 13 6 9 3 4 4 6 2356 ~328      0    68     20.09 sec  T/O =  0  PRV =  0
SBY 23:53:45 [fifo] engine_0: 96 : ... 11 369 49 47 11 31 5 18 10 8 7 13 6 9 3 4 4 6 4 2349 ~328        0    68     20.32 sec  T/O =  0  PRV =  0
SBY 23:53:45 [fifo] engine_0: 97 : ... 369 49 47 11 31 5 18 10 8 7 13 6 9 3 4 4 6 4 20 2328 ~328        0    68     20.55 sec  T/O =  0  PRV =  0
SBY 23:53:45 [fifo] engine_0: 98 : ... 49 47 11 31 5 18 10 8 7 13 6 9 3 4 4 6 4 20 30 2298 ~328         1    68     20.77 sec  T/O =  0  PRV =  0
SBY 23:53:46 [fifo] engine_0: 99 : ... 49 47 11 31 5 18 10 8 7 13 6 9 3 4 5 6 4 20 32 51 2257 ~328      9    68     21.45 sec  T/O =  0  PRV =  0
SBY 23:53:46 [fifo] engine_0: 100 : ... 49 47 11 31 5 18 10 8 7 13 6 9 3 4 0 0 0 0 0 0 0 2360 ~328       0    68     22.09 sec  T/O =  0  PRV =  0
SBY 23:53:46 [fifo] engine_0: Proved output 0 in frame 2 (converged).
SBY 23:53:46 [fifo] engine_0: Proved output 1 in frame 2 (converged).
SBY 23:53:46 [fifo] engine_0: Block =  174  Oblig = 39451  Clause = 24377  Call =891671 (sat=69.6%)  Cex =   0  Start =2761
SBY 23:53:46 [fifo] engine_0: SAT solving =    31.38 sec ( 51.75 %)
SBY 23:53:46 [fifo] engine_0: unsat     =     6.87 sec ( 11.33 %)
SBY 23:53:46 [fifo] engine_0: sat       =    24.50 sec ( 40.41 %)
SBY 23:53:46 [fifo] engine_0: Generalize  =    10.91 sec ( 18.00 %)
SBY 23:53:46 [fifo] engine_0: Push clause =    26.02 sec ( 42.92 %)
SBY 23:53:46 [fifo] engine_0: Ternary sim =     0.37 sec (  0.61 %)
SBY 23:53:46 [fifo] engine_0: Containment =     0.18 sec (  0.30 %)
SBY 23:53:46 [fifo] engine_0: CNF compute =     1.09 sec (  1.80 %)
SBY 23:53:46 [fifo] engine_0: Refinement  =     0.00 sec (  0.00 %)
SBY 23:53:46 [fifo] engine_0: TOTAL       =    60.63 sec (100.00 %)
SBY 23:53:46 [fifo] engine_0: Property proved.  Time =    60.65 sec
SBY 23:53:46 [fifo] engine_0: Counter-example is not available.
SBY 23:53:46 [fifo] engine_0: finished (returncode=0)
SBY 23:53:46 [fifo] engine_0: Status returned by engine: PASS
SBY 23:53:46 [fifo] summary: Elapsed clock time [H:MM:SS (secs)]: 0:01:00 (60)
SBY 23:53:46 [fifo] summary: Elapsed process time [H:MM:SS (secs)]: 0:01:00 (60)
SBY 23:53:46 [fifo] summary: engine_0 (abc pdr) returned PASS
SBY 23:53:46 [fifo] summary: engine_0 did not produce any traces
SBY 23:53:46 [fifo] DONE (PASS, rc=0)
